"","Cluster1508.phy","Cluster1716.phy","Cluster1818.phy","Cluster1883.phy","Cluster1985.phy","Cluster2026.phy","Cluster2039.phy","Cluster2123.phy","Cluster2124.phy","Cluster2135.phy","Cluster2196.phy","Cluster2239.phy","Cluster2246.phy","Cluster2280.phy","Cluster2317.phy","Cluster2399.phy","Cluster2403.phy","Cluster2421.phy","Cluster2427.phy","Cluster2445.phy","Cluster2461.phy","Cluster2508.phy","Cluster2556.phy","Cluster2565.phy","Cluster2606.phy","Cluster2653.phy","Cluster2673.phy","Cluster2703.phy","Cluster2733.phy","Cluster2742.phy","Cluster2769.phy","Cluster2803.phy","Cluster2825.phy","Cluster2842.phy","Cluster2865.phy","Cluster2900.phy","Cluster2918.phy","Cluster2950.phy","Cluster2984.phy","Cluster2985.phy","Cluster3040.phy","Cluster3078.phy","Cluster3082.phy","Cluster3120.phy","Cluster3122.phy","Cluster3126.phy","Cluster3134.phy","Cluster3160.phy","Cluster3172.phy","Cluster3177.phy","Cluster3208.phy","Cluster3212.phy","Cluster3215.phy","Cluster3239.phy","Cluster3261.phy","Cluster3270.phy","Cluster3279.phy","Cluster3308.phy","Cluster3317.phy","Cluster3320.phy","Cluster3334.phy","Cluster3361.phy","Cluster3371.phy","Cluster3380.phy","Cluster3382.phy","Cluster3451.phy","Cluster3454.phy","Cluster3466.phy","Cluster3470.phy","Cluster3509.phy","Cluster3520.phy","Cluster3566.phy","Cluster3583.phy","Cluster3618.phy","Cluster3619.phy","Cluster3643.phy","Cluster3682.phy","Cluster3722.phy","Cluster3805.phy","Cluster3809.phy","Cluster3810.phy","Cluster3820.phy","Cluster3826.phy","Cluster3856.phy","Cluster3873.phy","Cluster3876.phy","Cluster3881.phy","Cluster3886.phy","Cluster3912.phy","Cluster3946.phy","Cluster3959.phy","Cluster3974.phy","Cluster4085.phy","Cluster4088.phy","Cluster4095.phy","Cluster4191.phy","Cluster4200.phy","Cluster4216.phy","Cluster4219.phy","Cluster4235.phy","Cluster4242.phy","Cluster4302.phy","Cluster4331.phy","Cluster4414.phy","Cluster4486.phy","Cluster4514.phy","Cluster4577.phy","Cluster4580.phy","Cluster4649.phy","Cluster4712.phy","Cluster4717.phy","Cluster4740.phy","Cluster4745.phy","Cluster4779.phy","Cluster4785.phy","Cluster4791.phy","Cluster4795.phy","Cluster4840.phy","Cluster4893.phy","Cluster4942.phy","Cluster4945.phy","Cluster4970.phy","Cluster4999.phy","Cluster5016.phy","Cluster5034.phy","Cluster5055.phy","Cluster5181.phy","Cluster5212.phy","Cluster5228.phy","Cluster5246.phy","Cluster5287.phy","Cluster5327.phy","Cluster5360.phy","Cluster5378.phy","Cluster5456.phy","Cluster5460.phy","Cluster5470.phy","Cluster5495.phy","Cluster5520.phy","Cluster5536.phy","Cluster5541.phy","Cluster5564.phy","Cluster5567.phy","Cluster5568.phy","Cluster5580.phy","Cluster5621.phy","Cluster5663.phy","Cluster5664.phy","Cluster5676.phy","Cluster5681.phy","Cluster5691.phy","Cluster5723.phy","Cluster5751.phy","Cluster5768.phy","Cluster5771.phy","Cluster5793.phy","Cluster5831.phy","Cluster5838.phy","Cluster5840.phy","Cluster5846.phy","Cluster5857.phy","Cluster5933.phy","Cluster5936.phy","Cluster5939.phy","Cluster5944.phy","Cluster5971.phy","Cluster6022.phy","Cluster6025.phy","Cluster6087.phy","Cluster6127.phy","Cluster6154.phy","Cluster6158.phy","Cluster6223.phy","Cluster6228.phy","Cluster6244.phy","Cluster6255.phy","Cluster6268.phy","Cluster6282.phy","Cluster6291.phy","Cluster6338.phy","Cluster6342.phy","Cluster6355.phy","Cluster6356.phy","Cluster6374.phy","Cluster6396.phy","Cluster6519.phy","Cluster6589.phy","Cluster6606.phy","Cluster6635.phy","Cluster6664.phy","Cluster6695.phy","Cluster6758.phy","Cluster6764.phy","Cluster6795.phy","Cluster6807.phy","Cluster6808.phy","Cluster6833.phy","Cluster6889.phy","Cluster6959.phy","Cluster6965.phy","Cluster7030.phy","Cluster7129.phy","Cluster7282.phy","Cluster7308.phy","Cluster7458.phy","Cluster7499.phy","Cluster7514.phy","Cluster7617.phy","Cluster7771.phy","Cluster8027.phy","Cluster8101.phy","Cluster8346.phy"
"1",0.02194297943,0.07982375833,0.07159440459,0.03573326105,1.0000005e-06,0.08678122606,1.0000005e-06,0.04884945156,0.02258566306,0.1214028173,0.03957223733,0.09440194397,0.06293630025,0.03557437653,0.04708954994,0.0585478842,0.03868279029,0.003355573372,0.07686454523,1.0000005e-06,0.08770087056,1.0000005e-06,0.1238907398,0.04185563517,0.03991930719,0.2104152778,0.06787442492,1.0000005e-06,0.0503745014,0.07900718135,0.06089393616,0.07454775038,0.05799051464,0.02240194361,0.02987611757,0.06510243611,0.0944499621,0.01118747043,1.0000005e-06,0.08305530361,0.04290932399,0.05618497038,0.0510353499,0.06291096822,0.08909289663,0.05514988927,0.06321455242,0.04294998727,0.02695994324,0.06219105284,0.07891929294,0.01278955938,0.03954858642,0.02667294476,0.07141959745,0.1124356127,0.1589762809,0.06805086095,0.06363980729,0.0490177831,0.07140442269,0.04286940889,0.06028673561,0.07422988496,0.133806716,0.04332994584,0.0361782146,0.05590585774,0.05165487903,0.6219287912,0.1459882198,0.07138240802,0.08999758821,0.109518841,0.07174633174,0.2327592691,0.05805843131,0.02604231161,0.001918534107,0.04627482464,0.03645347638,0.06057794978,0.0654792514,0.07836310788,0.05581156537,0.09878590629,0.03746441719,0.06564300483,0.1404413667,0.03693397396,0.04002524531,0.1046743649,0.08844454263,0.06061470708,0.04124110402,0.06917774857,0.0901862604,0.0414615149,0.02011617198,0.02291361255,0.07246020088,0.06769501086,0.03053288887,0.04527664753,0.1209842287,0.02213848572,0.02959611881,0.1136083651,0.1063979844,0.02452532479,0.02813421475,0.08842049284,0.06062668604,0.03621270993,0.06262079305,0.06157044087,0.01962993038,0.08917667237,0.1292505747,0.1117848175,0.0313279068,0.1312006608,0.0695618325,0.04875519236,0.07879237304,0.03997004451,0.0457472341,0.07130337262,0.009123634337,0.05115297026,1.0000005e-06,0.101554493,0.1117925876,0.04046343446,0.02078980782,0.03557097221,0.01811457959,0.03276033126,0.04531083476,0.1306487636,0.04798687591,0.06444228718,0.05078058208,1.0000005e-06,0.1087671092,0.04779849723,0.01722579986,0.07257203062,1.0000005e-06,0.04541435164,0.1381009142,0.07686610183,0.09244544171,1.0000005e-06,0.1080521964,0.1172265064,0.09457475795,0.03573465944,0.07304827452,0.08482583487,0.1050685008,0.06987670642,0.02702741031,0.04487645726,0.1051267198,0.04744742717,0.03059225651,0.09952048321,0.10108139,0.1230564286,0.02372644312,1.0000005e-06,0.02115796642,0.04980972128,0.0744144891,0.02210198103,0.04517876904,0.04734779313,0.11874272,0.04492845463,0.06833129311,0.04095547971,0.04729418734,0.1332659214,0.09688268061,0.1416002378,0.2456230304,0.1732128603,0.1200583953,0.07418345492,0.05284331279,1.0000005e-06,0.06102156866,0.1122266361,0.2066703335,0.08311199016,0.06189276458,0.06612745629,0.07450037965,0.07235314182,0.09512077127,0.06675007312,0.1371242126,0.0456589733,0.07814880267,0.05157071503,0.08550487442,0.03909783996,0.05810638011,0.07490916411,1.0000005e-06,0.0981386187
"2",0.1024272761,0.06546800359,0.05721929489,0.08285721507,0.07111404492,0.1535792398,0.06971769297,0.09998611309,0.03727952985,0.06454955305,0.1137054985,0.04706942997,0.07248047996,0.04612205511,0.0558442228,0.0546046153,0.1121741505,0.05004174493,0.1197837562,0.1722941952,0.1947412429,0.1673544828,0.08465596013,0.06841023429,0.1482267997,0.1120060406,0.04933514401,0.1951225858,0.0649254647,0.03443874334,0.01739803079,0.07632194889,0.06745233573,0.1143946002,0.1273580605,0.03546417776,0.02318306938,0.2592042399,0.06425351888,0.1246298856,0.08603647866,0.139698014,0.04445627811,0.1246140818,0.08313497703,0.08945967373,0.04186751883,0.05227398151,0.09013318397,0.1571219537,0.08329927444,0.06720526361,0.1177566752,0.04785012235,0.06387973348,0.1075489353,0.06508938375,0.1422635576,0.07476061373,0.05032964079,0.1315485175,1.0000005e-06,0.03301077085,0.1275751494,0.06948756418,0.065106445,0.0814986606,0.2018872423,0.07485898951,0.2819265344,0.1436641983,0.01882343005,0.06898489856,1.0000005e-06,0.07394350835,0.1074848668,0.09277033795,0.04874512645,0.1686396474,0.0819196388,0.06662711791,0.05918927063,0.1241018879,0.08300051323,0.08504666279,0.03885061015,0.09032444906,0.1698363176,0.1092918513,0.03153168345,0.0378614194,0.1619399967,0.08689265135,0.1057059054,0.09651573695,0.0703700898,0.1707302958,0.1362459378,0.2099633511,0.1293203954,0.1484201582,0.09793310174,0.02899209415,0.1036517591,1.0000005e-06,0.1688865721,0.04399054459,0.0306711669,0.0420776865,0.1091170536,0.1172733097,0.1989979138,0.1052076653,0.05723934206,0.07697785164,0.02609879253,0.07614168012,0.146236028,0.04582093165,0.07182290655,0.2101180114,0.06327780333,0.02151186253,0.04744127794,0.06313050115,0.1647156454,0.05467172087,0.08645005216,1.0000005e-06,0.08127353562,0.2949658931,0.09321536466,0.09896000307,0.08006092978,0.1182504877,0.05495091196,0.1263222526,0.04574777272,0.08183456899,0.05362924715,0.04887770676,0.09211940021,0.02586532904,0.05577141866,0.1005241986,0.0727590821,0.0814711514,0.09639029252,0.1416190107,0.1094013542,0.03988521176,0.04650848263,0.09122204407,0.1257252384,0.1791158642,0.06237148454,0.1618012584,0.1018137041,0.2094862915,0.08478359225,0.06197328645,0.08709866416,0.1896941684,0.09181064893,0.1174741754,0.1598058698,0.04865866718,0.0599914031,0.0700914446,0.06596473111,0.2045466847,0.04070270561,0.1172767391,0.06850679088,0.0721607602,0.08144916377,0.05137614564,0.1004383122,0.08481778643,0.0730857275,0.1634816381,0.07204714044,0.03585409483,0.07148717698,0.09398924786,0.09179550306,0.02020400094,0.08297222971,0.06729516881,0.07685235912,0.09105706647,0.1469929894,0.1441756658,0.1002606265,0.08654337284,0.1145703542,0.01236588384,0.07520358672,0.06120806729,0.09133160259,0.1025449818,0.111602717,0.1140773775,0.1180804934,0.170003254,0.03694695397,0.2559211715,0.3081924065,0.1139411525,0.1062172662,0.1149176887,0.05820949847
"3",0.01735937755,0.04676252302,0.04785661619,0.03713641268,0.03337571977,0.004804800867,0.07160294298,0.005017566515,0.04555199324,0.03763142287,0.04559383872,0.01991107014,0.009462637803,0.05350687118,0.01710045811,0.03505768867,0.01952879399,0.008843844884,0.1029288925,0.003235837921,0.05073128604,0.03363386371,0.04351907719,0.04696515287,0.0154649844,0.04461304965,0.05395165095,1.0000005e-06,0.03632907613,0.1005045174,0.0295646346,0.04875532938,0.02617689549,0.06471232798,0.02721952441,0.01707916463,0.04411473529,0.09258183884,0.04819481299,0.02393660161,0.01050981301,0.03219617019,0.04165841914,0.0232763367,0.01608669345,0.006873909959,0.04390638017,0.02588416503,0.04797601345,0.1871905803,0.02737997077,0.0416481874,0.06244878174,1.0000005e-06,0.06384684857,0.03806068061,0.05559544068,0.01251079298,0.04921181468,0.04443677002,0.04050537317,0.0534296144,0.03697554601,0.02668510885,0.03587579079,0.01547478517,0.02830910141,0.00061557409,1.0000005e-06,0.05196592861,0.05653196926,0.06972031569,0.02959227194,0.03854887087,0.01520910127,0.1026526748,0.03917616867,0.007386566171,1.0000005e-06,0.01414210085,0.04166419035,0.0376985028,0.05253610115,0.03162402326,0.005468072329,0.03392914835,1.0000005e-06,0.0155986236,0.04620278049,0.01347151325,0.04444592727,0.05917438459,0.02698422548,0.06239286253,0.02800920922,0.04553323179,0.06483527061,0.04526198992,0.04845615389,0.01346159162,0.0186981561,0.03004775286,0.006708911317,0.01629195107,0.05073700031,0.01867018421,0.04124006108,1.0000005e-06,0.06651544928,0.005794070652,1.0000005e-06,0.02664638015,0.06189779528,0.04118709855,0.009708656545,0.006549036548,0.009157435654,0.04605103866,0.03291303059,0.01196293369,0.08007553536,0.06958229701,0.03217629887,0.02899823842,1.0000005e-06,0.02946364805,0.03670680872,0.08835919446,1.0000005e-06,0.03533621194,0.107597565,0.02901548563,0.03026653768,0.00644649724,0.01852046488,0.06551852576,0.05623005329,1.0000005e-06,1.0000005e-06,0.07665429108,0.04403524016,0.06697637291,0.04862592122,1.0000005e-06,0.04848664913,0.07784131805,0.03882435514,0.04813279218,0.06186058124,0.0488151079,0.06089904201,0.0554580799,0.02306120571,0.03509044616,0.09099739591,0.05196515647,0.01088547633,0.02352911898,0.03514049285,1.0000005e-06,0.007839327894,0.0122131047,0.04456588384,0.002316171581,0.08244641741,0.0126809421,0.0363612677,1.0000005e-06,0.08691695207,0.02292607196,0.06752806159,0.03698354274,0.004532276547,0.03367419211,0.02185563016,0.09391762715,0.07706322347,0.0539918812,0.03388123817,0.01334105141,0.01776524358,1.0000005e-06,0.04587965465,1.0000005e-06,0.04959361551,0.004393617675,0.01884492697,0.02915125108,0.04686967005,0.0229452907,0.03821999128,0.008292878384,0.0148865572,0.003155169477,0.03560309562,0.03126605098,1.0000005e-06,1.0000005e-06,0.02517085435,0.02156092521,0.01532879614,1.0000005e-06,0.07352043046,0.03789926405,0.06783021599,0.02411764777,1.0000005e-06,1.0000005e-06,0.06791706915,0.08980631394,0.03445661214,0.02263783006
"4",0.0201052428,0.01654163608,0.03197986409,0.01090191638,0.0140605164,0.05017843716,0.009215164176,0.03369966793,0.01197287767,0.01505950769,0.02729419388,0.008084595295,0.04511073172,0.02092246317,0.04530316531,0.04160474258,0.01050743991,0.07778299634,0.02660737712,0.02569282272,0.03562797532,0.02821257538,0.03835664539,1.0000005e-06,0.04616145797,0.02039957827,0.004030372983,0.1710617569,0.01203804824,0.02152414184,0.01791358327,0.01109872498,0.0144695592,0.01078851135,0.01267387976,0.00720526409,0.02215192865,0.03567763599,0.020647322,0.01261809187,0.01833815353,0.03148604102,0.03229566852,0.02702387278,0.01929853917,0.03581926933,0.03035615755,0.00707315509,0.01461284232,0.04755829383,0.0006348423337,0.007930450103,0.0608514467,0.02996885317,0.02954262919,1.0000005e-06,0.02664192063,0.0195919711,0.03836346376,0.02745896202,0.008257135718,1.0000005e-06,0.00928598176,0.01740913795,0.03997386428,0.01075850648,0.01837627335,0.01828294125,0.02057099516,0.02324216203,0.02232043505,0.006525587266,0.05666877605,0.008505041368,0.02104174669,1.0000005e-06,0.03523714207,0.01434466312,0.03354664376,0.04429907221,0.01393407714,0.03209444564,0.04125584021,0.02630776743,0.006610371861,0.02565282712,0.1588034962,0.02756057727,0.1128167764,0.01532582769,0.076419418,0.04515952339,0.03412727054,0.02527592972,0.02436879846,0.06321663768,0.03012634451,0.0326253834,0.07634336628,0.02388721085,0.07294759155,0.00601352288,0.0416049727,0.0393945283,0.07910450948,0.05436305364,0.03912387328,0.03627499995,0.01648995168,0.02777992282,0.01925154425,0.03424718273,0.0214854088,0.0188885613,0.04286236695,0.04092728071,0.03400134946,0.0274904163,0.0372636348,0.03909022463,0.004161298564,0.01795768783,0.02469886991,0.01527678358,0.04525397204,0.02905321761,0.01497376352,0.06213587854,0.03255737535,0.009686603912,0.02873049032,0.01085000999,0.07215427244,0.0190207631,0.02747562604,0.02185916999,0.07481650691,0.02549537032,0.004541898097,0.04182029503,0.01016858452,0.02125320679,0.005088719078,1.0000005e-06,0.02654815483,0.02389723177,0.0472121899,0.03870196635,0.04234001746,0.02582983981,0.00207377237,0.009296885948,0.06297802687,0.08937380916,0.02535077568,0.00602237917,0.01543261323,0.05303745337,0.0781594284,0.01996282129,0.04276923971,0.04778395998,0.03177998043,0.008228085381,0.08213633361,0.08390737376,0.02770386171,0.1346896338,1.0000005e-06,0.03139344344,0.04175246206,0.0399041618,0.01969056809,0.01017504908,0.04409747821,0.08988336033,0.0260663478,0.04883857944,0.05581406502,0.00567016992,0.05022775552,0.02031364757,0.05126082751,0.03722204314,0.00305568555,0.002767178301,0.01137288399,0.05095567249,0.0608533865,0.03607738945,0.05153371414,0.1158076876,0.03007478491,0.0515781611,0.07994505166,0.08074322738,0.05885962521,0.07821797209,0.0325392037,0.0562243952,0.02895280139,0.02703954391,0.05152324446,0.05687773347,0.02153162548,0.01053526454,0.09766202874,0.07083326595,0.01588491551,0.1143332996,0.04407877432,0.06010283093
"5",0.07958247296,0.08994963985,0.06681349932,0.1241325769,0.1200212948,0.05362235659,0.07747107904,0.05083327863,0.06554903307,0.06820850631,0.06103739086,0.07432285099,0.07261820509,0.09311009757,0.1258312439,0.1028289842,0.09543251961,0.02809798634,0.04118937373,0.09998075469,0.1054826746,0.05333876133,0.09746923788,0.04619469164,0.08341575354,0.06843821276,0.1026390083,0.1277559265,0.08299566422,0.05264233258,0.05550516105,0.04898832494,0.07918863857,0.08420385597,0.1259816201,0.07533338635,0.07616145199,0.0953302151,0.09723046313,0.05999797472,0.1310622391,0.07853220432,0.06010529897,0.1064786944,0.0858619069,0.1220023134,0.06057018472,0.09226563803,0.1169305546,0.1015049937,0.1045079523,0.07988163335,0.09619676417,0.09481816821,0.0777958357,0.07179967614,0.07376820476,0.08289242308,0.1661224308,0.1244993589,0.08776365178,0.06974573858,0.05427673208,0.05026080909,0.1273305963,0.06565178194,0.1015763714,0.1340583008,0.1073889601,0.105569992,0.1186658147,0.05277821029,0.0496476382,0.05426890527,0.07520081741,0.1339658979,0.08407879965,0.06567756928,0.1289475581,0.1534426955,0.06854808091,0.05265815925,0.07195535395,0.07917408475,0.06900883809,0.07157545953,0.02467413154,0.07788823452,0.1064570691,0.0505931257,0.04834921976,0.1101141529,0.09003491607,0.1007950083,0.092385082,0.08646435921,0.1216681042,0.2437482188,0.1920139114,0.089518398,0.09929774655,0.1036111892,0.03913052539,0.06353740003,0.07609848656,0.1535105416,0.09981369725,0.1100936204,0.09053262605,0.07539090322,0.1111231044,0.1019544175,0.1141898368,0.06344411891,0.08330205658,0.0604417761,0.08954125538,0.1120862957,0.1163111372,0.09135902948,0.110235003,0.06929932272,0.09273029492,0.05881407315,0.06091542001,0.09474085665,0.05775829492,0.0945039501,0.102046061,0.07044176915,0.064398422,0.0992397078,0.1076316347,0.08702234567,0.05043001347,0.07952014144,0.1611420183,0.069714898,0.09757544218,0.05672905783,0.08067698751,0.04356529352,0.1319610666,0.09284671903,0.08228384239,0.1014124241,0.06623439361,0.116299127,0.1326056445,0.09158076977,0.09633955714,0.06511846259,0.1357247309,0.05258909182,0.1312665433,0.04541146911,0.09643047386,0.07957182677,0.1281560866,0.08681239383,0.1176426575,0.09078205787,0.08620493992,0.09555191156,0.1505170663,0.1100298894,0.02955778995,0.07007203873,0.08590644154,0.03287980079,0.1880877778,0.1273266016,0.1367768676,0.1045466308,0.05052291099,0.1561204931,0.134266721,0.08275521234,0.1474795126,0.08552920147,0.09053878351,0.0722382876,0.04812556296,0.05922349765,0.1467743891,0.1239450702,0.07578938873,0.07785139708,0.06822386794,0.06332144162,0.09641185751,0.1286997612,0.086812793,0.07677058997,0.1606689085,0.1563868197,0.08531446364,0.09483461691,0.08277495021,0.1062582985,0.09277234587,0.1193228944,0.1589048128,0.1740037914,0.09312734436,0.1306463391,0.1004461907,0.1249064173,0.07058186596,0.1746334919,0.08087002742,0.08947554612
"6",0.03393286231,0.03616992624,0.03246855136,0.02236804235,0.02676296533,0.04055550221,0.03261714467,0.03576367133,0.05333501062,0.03038027492,0.05109650616,0.04532478495,0.03057984141,0.02572466697,0.06769520379,0.04210658729,0.04363728739,0.02859668777,0.0293474558,0.05429538515,0.09204558322,0.04357706287,0.02150973369,0.02920557528,0.03907303565,0.05063096673,0.01864214967,0.05112873361,0.02216638149,0.07719089598,0.02415487941,0.02196175124,0.0333191473,0.02828822426,0.04442343742,0.05132664432,0.04632581259,0.05406273937,0.0492442594,0.05190978389,0.07628650555,0.05732257404,0.03992778771,0.04975305413,0.05559737249,0.0284185543,0.04181409775,0.02073527629,0.02900405999,0.07933513258,0.01755147074,0.0545020134,0.04788955088,0.03142123404,0.06661245223,0.04978611538,0.05545024172,0.02341820322,0.03368093855,0.01773939568,0.03860911205,0.04024695749,0.04369934806,0.01576752147,0.04647590787,0.03608634344,0.04729496186,0.09446842677,0.02321575659,0.03452979863,0.03057715756,0.03675842326,0.04915384227,0.03563047367,0.03782686654,0.01817350574,0.05511235223,0.03794867246,0.05434139376,0.02629354269,0.03940617221,0.03832964202,0.04682673457,0.03832852348,0.02850284808,0.02524531104,0.03258894038,0.01904604254,0.0229479202,0.04545430832,0.0607454886,0.0844506234,0.0336225746,0.05098351667,0.050412185,0.03976531805,0.04719187431,0.01574428728,0.07123438907,0.03835623932,0.07981274911,0.03605824683,0.03661432394,0.0318168887,0.03321179042,0.05433933355,0.03647257308,0.02352044073,0.05570361406,0.01616790996,0.06229666721,0.05472329215,0.06708366181,0.04577609524,0.02909818518,0.0296022223,0.03564193555,0.04173413118,0.05418478838,0.05849039559,0.05637504532,0.01934391037,0.01829383197,0.04447397576,0.03157354243,0.04681788317,0.03247049037,0.03311714049,0.0403144924,0.05050126593,0.0666981798,0.03471375716,0.06037625575,0.02438060786,0.03614921049,0.08737264004,0.05023400716,0.01126452991,0.02966641176,0.1022447295,0.03580082152,0.0595176759,0.02044094207,0.05207405657,0.04289587219,0.04522132694,0.04722925454,0.04736340363,0.04303147459,0.06059266739,0.04852893412,0.03772493747,0.07317142124,0.06971543091,0.02896420429,0.0232036267,0.09086694582,0.03669695672,0.0673424407,0.02005247849,0.03482819251,0.0399633529,0.06682743816,0.06780214942,0.05940968429,0.07979408899,0.03294317592,0.05091560313,0.02906403068,0.04297539615,0.06331271764,0.08001908423,1.0000005e-06,0.03118280495,0.05447952231,0.06802261592,0.0443436931,0.03054192364,0.02788522951,0.04188689123,0.05284954877,0.0381068018,0.05674592071,0.03823776867,0.05288498288,0.07039240159,0.03369442543,0.05778341646,0.03499170839,0.04581113203,0.05622064456,0.0506976107,0.06031250534,0.03310225964,0.02248325973,0.05735029476,0.02889769987,0.06588884492,0.03465622632,0.0398561035,0.03401286754,0.06150678446,0.08019081643,0.02024683839,0.05935855362,0.04268941053,0.04979683164,0.08496824597,0.03956693498,0.08082289365,0.06957521834,0.07789041839
"7",0.04281610853,0.05809924235,0.07663858465,0.05680389447,0.07498892561,0.05838516002,0.0795042464,0.06960511461,0.07178760755,0.04858966499,0.151100603,0.0814275793,0.062793917,0.1070611064,0.1133913104,0.05143166458,0.07620917564,0.08722889599,0.08567940764,0.08803265944,0.09941621669,0.3183491864,0.07417407746,0.1255936144,0.05619798846,0.178897363,0.05473017157,0.1176093442,0.1160417643,0.06218992427,0.05150315377,0.0708208118,0.0898886434,0.08955487401,0.0646207947,0.0566813715,0.08052947918,0.0792034099,0.07130437976,0.1215893614,0.1316082599,0.07089960942,0.05764745336,0.1671869903,0.05846382906,0.0622476762,0.08123613201,0.05541763799,0.1149187924,0.1185897012,0.07025291311,0.05924730481,0.09812784718,0.04954352357,0.06130641922,0.1115391538,0.06911122082,0.08838208859,0.1443998307,0.1136997893,0.07735402494,0.07472056284,0.0718880004,0.06792249398,0.1341373637,0.07946022991,0.06032001063,0.09908980933,0.07471054493,0.1681869137,0.07225896008,0.04636345132,0.1011044121,0.04490601248,0.05872703861,0.07492109926,0.1299671477,0.09442199275,0.05400127552,0.05227833059,0.08370951903,0.05147129459,0.07155006774,0.07632715128,0.06207965213,0.05989515887,0.08552865108,0.07496350451,0.07933069214,0.04764844304,0.08162962522,0.1214932162,0.05701719538,0.08898988392,0.06316516556,0.1144561904,0.129302519,0.1570829763,0.04070999923,0.06554771329,0.1150633039,0.1129730744,0.06867207374,0.1067075255,0.0922758336,0.198397781,0.06534895489,0.120304475,0.09647587253,0.07411635012,0.187542226,0.138349916,0.04985063465,0.05757283466,0.04541786586,0.05641540157,0.04967020196,0.1389676065,0.1179579733,0.09622278076,0.09297132871,0.1099929722,0.05880433155,0.07834017103,0.0765052547,0.1139193591,0.0631417588,0.07612280343,0.08354616022,0.05955986712,0.04867522752,0.05992479262,0.1077979029,0.07275046561,0.07784781598,0.1341852627,0.1239804356,0.05207748163,0.03733475637,0.08237922986,0.04618910155,0.08443019964,0.06761112204,0.09823135984,0.07710197091,0.08482647713,0.1002824419,0.08987583943,0.06623840503,0.0875259625,0.0849762868,0.0968960211,0.08420860292,0.04881816224,0.1114015138,0.06579220232,0.1638381341,0.07139799585,0.1333796099,0.08498534203,0.08823615201,0.08678849423,0.1032045024,0.1217775775,0.07814915538,0.133837182,0.05750508831,0.08009693422,0.1067846885,0.1180454497,0.07790630816,0.0898373034,0.161045461,0.08799392457,0.06636609018,0.04686497317,0.09755244561,0.06814215324,0.08658736245,0.07306758578,0.08847291226,0.04493189466,0.06995047674,0.1032968946,0.04929711208,0.1973599081,0.04423246218,0.1105695922,0.07626125171,0.05343454621,0.05932010483,0.06896897727,0.08915553782,0.07541496434,0.1204219205,0.07694165857,0.06956664975,0.09098719832,0.07866756627,0.07225008799,0.05711057263,0.1719200073,0.1074524385,0.1392552594,0.1914530229,0.1015089217,0.05461554664,0.06722273213,0.08289217915,0.1065677404,0.20001291,0.08385947008
"8",0.1092660477,0.138828109,0.09197478674,0.1375895219,0.2087040888,0.1312760577,0.1139077812,0.1189430835,0.148635599,0.1384342097,0.1770670591,0.1512621022,0.1323361693,0.1105091739,0.2328317464,0.1331152699,0.1428491187,0.09665414787,0.1800823702,0.1186575294,0.1654910711,0.1375348458,0.08403364272,0.1486928894,0.1978885383,0.1649936413,0.1589785217,0.1332747884,0.1219388651,0.1441366586,0.08732818143,0.09040548619,0.1628345608,0.1727331918,0.1917471275,0.1113793384,0.1448818881,0.1504819624,0.1194762471,0.1872316234,0.1824094619,0.1751625945,0.09512992082,0.1087307157,0.1806692645,0.1142250073,0.1277742388,0.08822880641,0.1261179722,0.2095967391,0.08365048256,0.09859573085,0.219361893,0.1102987035,0.1108458397,0.2497962376,0.09466611601,0.1574860779,0.1522552193,0.1306515901,0.1277379469,0.1234200964,0.1228939119,0.1737262047,0.1893611757,0.1894940099,0.1408582528,0.2457077715,0.1010592724,0.2104177838,0.2205782159,0.1468370328,0.1708358632,0.1391273336,0.1335362302,0.1240581318,0.1948439835,0.08439108541,0.2308407905,0.1004846994,0.1769949792,0.1045683183,0.2121220726,0.1329666706,0.09424647078,0.1681027961,0.1938840735,0.1560526206,0.1829808832,0.1113219422,0.1784447188,0.2325024696,0.1493831928,0.1405754261,0.09878045838,0.1711123728,0.1698453678,0.2492660304,0.1059578669,0.1284011369,0.2764004032,0.1467793897,0.2664440509,0.1269627288,0.2123595448,0.3202815903,0.1356567594,0.1723759294,0.2212406455,0.1495340557,0.3214490077,0.1281945846,0.2479028289,0.1360785555,0.1173411309,0.06450327064,0.1666196664,0.2807705387,0.1514893857,0.1515831268,0.1201250561,0.1477019421,0.2102435263,0.147052371,0.2005925333,0.1798592238,0.1018011498,0.1552322356,0.2674130494,0.1962837246,0.2281895089,0.1179869143,0.1701893641,0.1003649118,0.1071284528,0.186952545,0.118647811,0.1011349683,0.1239444561,0.1458703644,0.1093010874,0.1384307417,0.1539326628,0.1521815344,0.1636170541,0.1728748537,0.1698753924,0.1445689117,0.2190200196,0.1819263016,0.3788229122,0.1579712985,0.1958589187,0.2354083169,0.1479416854,0.1121990466,0.2268830618,0.1347231446,0.1895415416,0.178969037,0.1795921218,0.1947157659,0.1869026951,0.1283749208,0.1802797615,0.1878031231,0.1891576764,0.133502758,0.1843042974,0.1933324475,0.2658176168,0.3852041969,0.1489659337,0.1330233321,0.1000106644,0.04883723356,0.2440805272,0.07781028136,0.1835705317,0.1406820058,0.2124850469,0.1427795202,0.1090345148,0.1714059228,0.1617151287,0.1820794718,0.1212762741,0.1558192402,0.1869067188,0.1623136885,0.1501911114,0.2038084194,0.2473691913,0.1398199535,0.1734830925,0.2444809523,0.1653266235,0.1823192918,0.1289754042,0.19315683,0.1249109411,0.2612866016,0.1701630158,0.3330336991,0.1193862518,0.1417606359,0.2243234266,0.3292854929,0.1062831892,0.2132062764,0.2366827944,0.1838906202
"9",0.1385166425,0.193630883,0.2247321113,0.1696262389,0.1637274931,0.170946231,0.1181307871,0.1298494737,0.1419263003,0.1562003873,0.1861806468,0.203967832,0.1427405605,0.1420115642,0.4501847438,0.2204276415,0.2397212262,0.1804015486,0.26421042,0.1682543118,0.2859281998,0.1273493086,0.3783305929,0.15154451,0.2158445587,0.2442105326,0.1214867214,0.2231206987,0.1902244045,0.1918994933,0.1357305752,0.1545751579,0.1451902781,0.136355825,0.2725027635,0.1325506397,0.1914112482,0.4280298762,0.1700108227,0.2740018586,0.2219776535,0.2031226098,0.1357521434,0.1995986714,0.248228205,0.1790539563,0.1765679734,0.2052934835,0.2095658203,0.2049151615,0.1563963955,0.163026121,0.2473762499,0.1219821425,0.1827279245,0.206328206,0.1585121376,0.1326715778,0.2086023218,0.21508179,0.2253312539,0.2015730186,0.1442100997,0.2284609989,0.1778744953,0.3102812953,0.1588052881,0.2802162305,0.2081832316,0.2379279863,0.2723612984,0.1712685575,0.2659538279,0.2133045393,0.1804987654,0.2702766139,0.2332072081,0.186486936,0.1165076445,0.1992553277,0.215443966,0.1514228401,0.1877168068,0.1808092876,0.1791702749,0.1896438128,0.03310332945,0.1433891364,0.2010627105,0.2021664736,0.1725013371,0.5458202681,0.1943390864,0.2383587395,0.1688200066,0.2551331152,0.2395903028,0.2315255837,0.2659259314,0.2342073801,0.2813033649,0.2299460338,0.1444028523,0.2123945661,0.1777741341,0.4031130301,0.2306919078,0.338506867,0.276288381,0.1449639702,0.3182160842,0.2416837645,0.2089842722,0.1877944073,0.1831120329,0.1372536328,0.1574905519,0.2741860596,0.2199638513,0.2324376974,0.2736823739,0.1929376668,0.1509004217,0.1744900839,0.210144112,0.2489844402,0.2440236766,0.2412428126,0.3823567828,0.1178091689,0.2436680432,0.2406375642,0.2655068422,0.1423276827,0.24139633,0.253472839,0.326210033,0.246856616,0.2008995073,0.2349104302,0.2513076786,0.1964632873,0.1857569516,0.2770874656,0.1989921123,0.278868586,0.1718342711,0.2573029571,0.1235659771,0.2756991735,0.3144370711,0.2299092249,0.2154687515,0.3353991162,0.3391691718,0.141384927,0.4177729238,0.1599903085,0.2061185174,0.1933047531,0.2115443585,0.263245083,0.2509707983,0.225600861,0.3335399289,0.3328891895,0.1346490547,0.1973672114,0.2533249574,0.1584179495,0.2639595266,0.1905771355,0.1921659805,0.3441546996,0.2186419575,0.1425585631,0.3145663828,0.2310939837,0.2027005001,0.1670368937,0.2292606623,0.2670403469,0.1879929821,0.1932027294,0.2870631325,0.2907209995,0.2761880241,0.2119386838,0.1318246527,0.2004883229,0.1914016987,0.07528017228,0.2485883036,0.1008708592,0.2496399829,0.258948731,0.1925988484,0.2051051304,0.1811009531,0.2409601234,0.194328283,0.2494424722,0.3462866674,0.3299632435,0.1995979348,0.1516039004,0.3116007962,0.364921927,0.2047741077,0.2736659505,0.2125250152,0.3103386436
"10",0.1595047531,0.2470752725,0.2591687468,0.2829675554,0.2360155224,0.2330265157,0.1303234279,0.2101054777,0.2604582248,0.1493213038,0.2082847366,0.251797815,0.189056575,0.2116656056,0.2357801215,0.2199350264,0.1998874883,0.1840991817,0.220589122,0.2491894468,0.3069078389,0.1880191394,0.1980462068,0.1722679862,0.1585977918,0.2472770345,0.1690687225,0.3572528113,0.1891255535,0.1899767519,0.1797027856,0.1295496509,0.2072762422,0.272271124,0.2382461934,0.2054787258,0.2253982418,0.3164544838,0.218738393,0.3372148583,0.2286038777,0.2372211906,0.1930623337,0.2684732644,0.3710994125,0.2301849425,0.185928358,0.1732210988,0.2657809678,0.3995775543,0.1968142539,0.2369470131,0.3217352134,0.183371302,0.3091207096,0.5475700297,0.3086421525,0.286597626,0.2147449862,0.2488290017,0.2270866104,0.2108259414,0.1819450389,0.2052779545,0.2436206161,0.2838017318,0.241446096,0.2910392059,0.2883120706,0.3578416817,0.2676902023,0.2268166523,0.2132988019,0.2064786692,0.1922258688,0.3137994952,0.2848302445,0.215913648,0.3066898735,0.3298499303,0.2407331922,0.2038873036,0.3145752739,0.1995781521,0.2327463158,0.2761679289,0.1927583504,0.1983349662,0.4135208719,0.1724523379,0.2117166349,0.2952195791,0.2436412555,0.26421947,0.2408744407,0.2593549902,0.3302968211,0.5079235443,0.2415931572,0.2611126192,0.3460206131,0.3306526166,0.1760886024,0.2706855297,0.2592295618,0.3562273352,0.212165265,0.496876851,0.3843541345,0.2347225149,0.488811151,0.2311062276,0.2415717313,0.3392767367,0.281841094,0.2237525171,0.2288081526,0.275908291,0.3170025243,0.2990011703,0.2830250928,0.309535319,0.2333461837,0.1876239649,0.3573714465,0.2083217534,0.1644304097,0.2931251993,0.2916119008,0.2281981929,0.328597969,0.2070657397,0.397957403,0.1788783683,0.2238949146,0.2199210095,0.2655366611,0.2032340778,0.3142629956,0.2512360037,0.2687854608,0.1649487459,0.3094166651,0.3080465633,0.3417914854,0.1840841561,0.1836724913,0.2568609611,0.2908306038,0.2136239426,0.4553717193,0.2672292955,0.3164826695,0.2548932735,0.1872766187,0.2099793702,0.4376541208,0.2002360402,0.3096100193,0.2956243324,0.2771702293,0.3120355003,0.2331110972,0.2776442598,0.309812462,0.4551732283,0.1887150364,0.4278383717,0.2164894265,0.2194007512,0.3432373605,0.3401494632,0.3167078455,0.2725831383,0.2615290271,0.2526443707,0.4186108883,0.2655666659,0.2873934773,0.2243891415,0.4787255806,0.1796220618,0.1763627641,0.3351663545,0.2321509328,0.3697929653,0.1639096525,0.4589211546,0.2462110021,0.1998662633,0.349958311,0.3983036334,0.3568641607,0.3253933507,0.2617285539,0.3520506754,0.2326207884,0.2499194637,0.1826867282,0.2171264812,0.2177169683,0.329380653,0.3422115025,0.5396073009,0.1799870561,0.3725004867,0.4128347888,0.3119723068,0.2116374611,0.2861168454,0.3579276013,0.5757313447
"11",0.0448893645,0.02723001438,0.09155702485,0.1164501714,0.05269636133,1.0000005e-06,0.1244025453,0.02222127449,0.1055163286,0.0224162502,0.06784837351,0.1495953985,0.07136757286,0.09949513015,0.03162634042,0.2102495254,0.05716677226,0.009112952151,0.05896642533,0.1216326975,0.103424756,0.145796639,0.05938037774,0.03657465088,0.05503669888,0.07452301799,0.1132495894,0.01405688098,0.03268488822,0.1724899166,0.06614427253,0.01956390088,0.1163009423,0.07164901818,0.0886384589,0.115248065,0.07994977485,0.09308188886,0.1246283737,0.06082959565,0.08175794713,0.0387146905,0.1393044632,0.3256356829,0.04799297856,0.05564124366,0.1582402838,0.07061234343,0.06213481559,0.02714624604,0.05655885991,0.04931755688,1.0000005e-06,0.03636323063,0.08164712975,1.0000005e-06,0.05429939777,0.06621715449,1.0000005e-06,0.1253120483,0.05331895732,0.006698634024,0.09294437671,0.135242846,0.07693238009,0.0684319465,0.1221851515,0.4082087167,0.1103051198,0.0380097129,0.03367681984,0.02347460032,0.05584305261,0.08867615146,0.2163331221,0.1458188103,0.07384927415,0.08684627547,0.1600472905,0.05476040354,0.03309306135,0.04374331836,0.09211673872,0.152509454,0.05658671332,0.04031695693,0.02222364419,0.1080193621,0.1349530439,0.01803589613,0.1382570278,1.0000005e-06,0.112638041,0.05610236621,0.1133852339,0.05239282021,0.1402792097,0.03520654805,0.1296862671,0.1065922019,0.06280437461,0.06856060571,0.05738071685,0.02579197657,0.08829344766,0.2138659061,0.1118777757,0.07968302107,0.0790639164,0.1191788849,0.1465725114,0.1010850085,0.09972258778,0.09704214913,0.07512145623,1.0000005e-06,0.135128186,0.03691180411,0.04827943929,0.2728382227,0.02086338634,0.0635873752,0.06068194742,0.01082444299,0.0457000341,0.3045096802,0.02110556151,0.240414571,0.325290499,0.1262510016,0.1077895037,0.1315621709,0.1048779924,0.05586730642,0.06388873627,0.07890017889,0.09124971698,1.0000005e-06,0.03925588056,0.05316333666,0.03711534751,0.172533883,0.1891988662,0.1102868298,0.05627058577,0.09612040734,0.03908826756,0.09620104738,0.08464711993,0.1042059152,0.1943378783,0.07658834344,0.141366835,1.0000005e-06,0.2954039197,0.1093273576,0.09632244028,0.06284511829,0.1833699566,0.2633445985,0.2560319967,0.05878418526,0.1151692669,0.1884167018,0.2624234471,0.2448836443,0.04165096184,0.1103292106,0.02294534296,0.06771025017,0.07192992923,0.08861236929,0.1098693982,0.01080597847,0.3053044961,1.0000005e-06,0.1713516513,0.02387910282,0.07259048804,0.03069260243,1.0000005e-06,0.01528431119,0.1494009677,0.08712413557,0.1929424779,0.3335062073,0.1013440156,0.1959096382,0.03017426376,0.1068192138,0.05129679539,0.002472049837,0.06001988917,0.1336339219,0.1388175187,0.04198104383,0.1479458098,0.05864854491,0.1018794221,0.1349078837,0.1900954471,0.1164307341,0.2375310089,0.2961125501,0.2302796041,0.04217373878,0.3529679978,1.0000005e-06,0.1894312833,0.1295083087,0.1834371317,0.08549709257
"12",0.1597919104,0.2451768699,0.1641073647,0.0962557403,0.1942682424,0.2943643115,0.07266272372,0.2867965715,0.145381541,0.184435703,0.2382235603,0.2341399492,0.206489326,0.2204330141,0.1441482198,0.1846351192,0.2928077651,0.1976778124,0.2730322107,0.2960214711,0.2769233348,0.08840466338,0.1686613069,0.1245912242,0.1671186954,0.3198633204,0.2098741143,0.1722842537,0.151263153,0.2481411592,0.1066894669,0.1906429403,0.1863426214,0.1029914535,0.27040093,0.1748384001,0.6095460541,0.2491063827,0.4724049755,0.2373839104,0.2660250051,0.2640174351,0.1461940294,0.9372163035,0.4333422057,0.1763590955,0.2467239773,0.1407949674,0.2761301401,0.4609012506,0.05696132544,0.1407240286,0.3300697106,0.1891195736,0.3182667511,0.2036607658,0.1982072802,0.2802897606,0.3988455818,0.197861687,0.2032541471,0.21180129,0.1126355381,0.3644536596,0.2455562717,0.208461888,0.1741301389,0.5836609225,0.1379608503,0.2779328686,0.3932598462,0.1932960703,0.2027820094,0.1965321432,0.07154084247,0.2211422829,0.2110223315,0.1982431353,0.08739260654,0.2221858543,0.2661771199,0.2242877261,0.257631149,0.1332011876,0.2304544682,0.4151685874,0.06506947191,0.07875121794,0.2374639707,0.1818978954,0.1393280922,0.3673129205,0.2917936115,0.2764357242,0.06253017462,0.2627795884,0.3661303416,0.3352595424,0.3848140672,0.1889195236,0.2653286768,0.2400505702,0.179432656,0.2275701557,0.1426293463,0.5666234622,0.1571509161,0.5213410778,0.1618224699,0.2215611293,0.2314382844,0.2266921964,0.2853743842,0.2953709139,0.3431405218,0.1912143293,0.269067265,0.2126724035,0.3812417868,0.4558828186,0.2924662585,0.1909834511,0.2968521662,0.2032052648,0.264837705,0.3012779339,0.2116615404,0.2166893886,0.4596533566,0.1114560106,0.2505996048,0.1461711614,0.234875483,0.1764551329,0.1610946506,0.4559496011,0.4067889801,0.1566763179,0.2567350678,0.3359691658,0.297871411,0.2906520025,0.3240130632,0.3596027086,0.1795085557,0.1470915376,0.3737435683,0.2796230609,0.5282846672,0.3384391722,0.33530395,0.1008157412,0.247616697,0.2864713277,0.2687368046,0.1009506658,0.3667427593,0.2138880152,0.5121906281,1.0000005e-06,0.1100900557,0.2788933137,0.3197739576,0.2312861782,0.2943679864,0.3996624931,0.1110505073,0.2518360858,0.3867315394,0.09893997839,0.2081004316,0.4966091395,0.3527380219,0.2781957009,0.3909619279,0.1914360069,0.2190005793,0.3383995881,0.2836033399,0.2331582335,0.3988023127,0.269675695,1.0000005e-06,0.2968761963,0.2237048869,0.7655367435,0.1450529242,0.174739735,0.2407773967,0.1916747711,0.2598394026,0.3153501942,0.4275413266,0.421191455,0.6165498868,0.2873635464,0.1769014823,0.2443403188,0.3762882143,0.532739468,0.03685458089,0.3550744913,0.3285689596,0.2626924142,0.1346867891,0.2615053263,0.4344682515,0.9221083979,0.2264317628,0.4242392383,0.4656788677,0.2096375074
"13",0.07553086168,0.1081952779,0.098972023,0.09510084929,0.08039353499,0.09800904689,0.04774962194,0.02594450662,0.07651207409,0.08928352911,0.1273394574,0.1062833391,0.06068442379,0.08749873483,0.09577459531,0.08527833763,0.1079331153,0.07727170601,0.1651240363,0.07655793646,0.2193612067,0.06031969729,0.04510548442,0.08674865109,0.07151900149,0.0468287179,0.1077348168,0.04262194348,0.1091242415,0.08003707773,0.08060164777,0.07871548437,0.01890256054,0.1248578737,0.1094078813,0.09149367006,0.109510517,0.1123563344,0.1068019103,0.09769498643,0.104871561,0.1370097539,0.05756839305,0.06422767287,0.1041854643,0.1473696862,0.122096487,0.03999129186,0.04835180635,0.139230759,0.09545250322,0.03773245633,0.09341824019,0.1428139757,0.06249090725,0.04372349221,0.08177590776,0.1019491983,0.06932853173,0.07803979315,0.09701713869,0.08108741345,0.08797774214,0.08866264115,0.1261102144,0.1285890809,0.09432000525,0.1734152523,0.1284933258,0.08344477552,0.09433454884,0.0644549114,0.07692231794,0.06035208433,0.07061249962,0.1014967488,0.1063437541,0.1285258144,0.06096939769,0.05350876114,0.1124307997,0.07792152993,0.04164342028,0.07119874775,0.06828264905,0.07353752556,0.06218450299,0.1044913448,0.07991001075,0.0719658353,0.04499664098,0.1576815447,0.0898808239,0.07762235091,0.1069412353,0.09185770504,0.1034216043,0.1078137352,0.1266330432,0.08355835126,0.07936768531,0.1301293038,0.07629452115,0.1160421482,0.06430123031,0.105307776,0.1022277853,0.09866886991,0.1278571546,0.07228354084,0.1375484257,0.07351347941,0.06250295152,0.03913920448,0.08064571604,0.04977574477,0.06445183581,0.0946739861,0.1592840943,0.1057406131,0.07422789784,0.1058375912,0.08835030781,0.07729440721,0.1622169031,0.1764965746,0.1521335254,0.09089735182,0.08229602498,0.1176055156,0.04028164576,0.07466690724,0.1279932899,0.08834403873,0.1147364155,0.1308289632,0.1043314458,0.05876734809,0.1360826267,0.1161160477,0.1031999492,0.06965360513,0.1275911266,0.01803233813,0.0850422186,0.1137866107,0.1137938649,0.2047163111,0.0895854884,0.1222517821,0.1415230877,0.0461719313,0.09331337211,0.05994465019,0.05546090982,0.106282166,0.07599240532,0.136174045,0.0368148003,0.1280656119,0.09008807891,0.122590775,0.1493235997,0.2265803128,0.1051767509,0.1541462408,0.06680801318,0.06398475767,0.1000779763,0.03025485876,0.07749433344,0.05101521677,0.2031046083,0.0699080659,0.110147388,0.08695722845,0.2661031725,0.1398354757,0.06347677253,0.1013357093,0.1804720855,0.1184351438,0.08820450538,0.1279011538,0.08218534703,0.3407231239,0.06613650935,0.103661492,0.2108740055,0.08980872495,0.09215644523,0.06492620174,0.06924893414,0.1311079429,0.08908772208,0.1370252038,0.07682787038,0.1119163306,0.05182680428,0.1233514525,0.1092600402,0.1616471185,0.1773220541,0.1880358827,0.1326381162,0.08361767434,0.01916425905,0.1099763698,0.1428998319,0.1862095445,0.09743851254,0.1062381454
"14",0.03440226922,0.1054794413,0.08325565692,0.1372953149,0.07255876411,0.08319201222,0.06224001462,0.07521510876,0.09598892946,0.05251856906,0.0473204039,0.04962378016,0.05016299327,0.09477128249,0.09931746808,0.09601891444,0.09828109832,0.07013790727,0.1104105633,0.0858484671,0.1566084642,0.1489205954,0.07219247376,0.05670488158,0.08114567068,0.134462855,0.1043673833,0.09785494691,0.06198316447,0.106617791,0.05697030384,0.07352649884,0.09190929901,0.08643867092,0.1130074119,0.05816108195,0.06979839256,0.07980374522,0.08653721828,0.08531054951,0.1099056436,0.0833151046,0.05531747417,0.1138639786,0.1295045736,0.07620218731,0.05040618278,0.07773112442,0.1029162227,0.1477987886,0.2598544289,0.1063026688,0.07862822691,0.03507013601,0.06660145893,0.03946675539,0.1039230801,0.05852178911,0.07630198863,0.0602245643,0.07280438132,0.06138897596,0.0397882553,0.07813389637,0.1534954085,0.09889028221,0.08486756587,0.1050627689,0.06578968506,0.1337141932,0.09671822123,0.08909118432,0.09724036993,0.1083857524,0.07153659444,0.1213518112,0.1248178385,0.05154964366,0.06168975435,0.09524865003,0.1082076874,0.07350967386,0.1289881562,0.08367156801,0.0652055818,0.05466065332,0.03243203711,0.07359179351,0.09677189539,0.05668340932,0.05736863901,0.1898205274,0.06308326213,0.09004340579,0.0800966111,0.09487144158,0.1593608314,0.08531248081,0.05334932469,0.04527654653,0.05530016775,0.05503771566,0.04758845025,0.09545375729,0.09055762311,0.170800109,0.08085386573,0.03806626857,0.1047460676,0.08471954266,0.140052497,0.08155636576,0.07210228639,0.1724425635,0.04775941355,0.05454109586,0.08642056915,0.06327212617,0.09972890448,0.125171237,0.08813928374,0.1582251273,0.08404963129,0.09190745631,0.03183037006,0.1535028001,0.06638122402,0.06607116373,0.006817196149,0.05148180103,0.053689179,0.03221246151,0.1143589364,0.09499957009,0.04543796574,0.08736987159,0.09427982628,0.05916693019,0.1015610421,0.1658139326,0.05935590219,0.06688346228,0.08666904539,0.152501554,0.07878468998,0.04899044036,0.08016390006,0.1840519355,0.1392923881,0.1678590793,0.06969216926,0.07517006233,0.116450248,0.06131967769,0.04590055582,0.09448613854,0.08334381699,0.1061014181,0.108944492,0.1020805496,0.07701630223,0.06707473717,0.07859118649,0.1153228123,0.08940931137,0.1951692671,0.07300383318,0.07867317428,0.09018234381,0.08070871307,0.07658601164,0.0419091964,0.04039394189,0.07832156501,0.089563461,0.03367596743,0.216420116,0.07764502472,0.1149406602,0.0636001033,0.05881802585,0.06524727711,0.137593528,0.06309702506,0.05929167821,0.01589513825,0.04092376346,0.1120777769,0.03883357373,0.1046605457,0.1505702296,0.06994730932,0.1179631858,0.03113184983,0.1433606142,0.08073626249,0.05917787536,0.1234993402,0.1264102475,0.05650395178,0.1284073628,0.08839720251,0.2811603149,0.01224716821,0.07440336558,0.07585806748,0.2542662137,0.1203185232,0.1081709439,0.1255593481,0.06768556211,0.08118814578
"15",0.5042069619,0.8391829217,1.121260518,0.6776154664,0.7616948038,0.7023470112,0.3349814715,1.737392,0.6043844565,0.8521897459,0.748022242,0.818683366,0.7732908649,0.6375054048,0.9045681991,0.5844342398,1.021218867,0.6006418581,0.8613032112,0.8003299788,0.8960377646,0.4376304795,1.137450025,0.428427499,0.5545749165,1.15561586,0.6238777876,0.500333301,0.6889444601,1.39115618,0.4578740748,0.5305487628,1.133401587,0.8418706751,0.730420088,0.6740011461,1.373340183,0.7047433237,0.65799406,0.8146114142,0.6365075027,0.7257150181,0.5357975554,0.8129058408,1.179778028,0.6174781287,0.558490821,0.6090310142,1.331168526,0.883529577,0.5434375826,0.5343138899,0.7927935722,0.4559533726,0.88831551,4.092605015,1.074170538,0.5706701799,0.9178606424,1.085501948,0.6368849152,1.341195365,0.5782724533,0.9857052369,0.8270369457,0.5473398618,0.821196733,0.9990663901,0.9487543533,1.027849501,0.9857136236,0.8285811743,0.7489820235,0.4959975459,1.034569805,0.9207201716,1.288597793,0.6682612427,0.9042332511,1.389711087,0.8496144112,0.888066177,0.5781145894,1.739107086,0.5778829579,0.8838289619,0.1694062331,0.8293141504,1.865561353,0.5821897946,0.8349124654,0.8066395973,0.922401521,1.046096273,0.8317953396,0.9251864562,1.012176001,1.098398694,0.9415439515,0.8185461599,1.156215249,0.9202896329,0.5116231895,0.4599903221,1.145545445,0.9575095324,0.623137177,1.001676449,0.9279444404,0.7969343224,1.048122051,1.062319124,0.8351079811,1.051552676,0.8122106202,0.7212650423,0.6393815643,0.591387325,1.25948068,1.117866002,1.175302787,0.978850319,1.335481532,0.6458585607,0.498835639,0.7102709836,0.8348262673,0.79713375,0.7477826455,0.9067490802,0.4297580823,0.97822472,1.424432419,0.4088637389,0.7016423122,1.018101307,0.4249903181,0.49214361,1.827147933,0.895181374,1.001305712,0.7165005559,1.856824591,4.613723884,0.6556945619,0.8140839028,1.469282943,1.23392078,1.140605424,0.973418252,1.51724892,0.8080464653,0.8672314672,0.8199116604,0.7650139912,0.9145878154,0.7073425327,0.4402660543,1.067646203,1.686271431,0.9808308727,0.8585182344,0.9151417387,1.021723394,1.060810088,0.9303533086,0.4383742407,0.530437997,0.8210286899,1.328684722,0.6264597548,0.3265878443,0.8518234434,1.158841402,0.4787387065,1.237267044,1.871372086,1.129045695,0.5800585361,0.7061566028,1.562158935,1.112188949,3.31786713,1.000597812,1.402230588,1.481017298,1.117314417,0.6851611757,1.152531822,0.7553521705,1.287244676,0.3523795946,1.441348429,0.3778160618,1.504188775,1.143374732,0.4854913263,1.213560435,1.358548133,0.9314113766,0.8244674102,1.12590832,1.523828573,1.828411713,1.4522845,0.7082278322,0.66813092,0.5857178316,1.444559724,1.574882372,0.8227557447,1.449194528
"16",0.1512444129,0.2285589932,0.1538268174,0.188432175,0.2734569239,0.1936749571,0.1760555891,0.187826143,0.2506471374,0.2273036816,0.1549140731,0.1864223464,0.1610278772,0.1871134788,0.2696664259,0.2214158312,0.286332404,0.1710060216,0.2644452298,0.2143393068,0.3610912457,0.1965207499,0.2099202721,0.136186236,0.1151318123,0.3572131671,0.1872462323,0.1016490163,0.1631484861,0.338046627,0.1065807398,0.1032379886,0.3547158279,0.2225680828,0.193267194,0.1493324641,0.2597013378,0.2480557192,0.6009806456,0.2572533873,0.249265847,0.2120564399,0.2423508262,0.253011353,0.2910151443,0.1753434103,0.1804725076,0.1516397679,0.2526131218,0.2762943396,0.1409860478,0.09370385312,0.2606717367,0.1415176707,0.2589585083,0.1158553568,0.196511656,0.1540190201,0.2303096232,0.2636475087,0.1232744107,0.08659674899,0.1418833329,0.1685482875,0.1950966386,0.1818886377,0.2345951777,0.3945975406,0.2458022367,0.3272639918,0.1634833677,0.1524001384,0.2052697427,0.1447431906,0.1672159344,0.1749616405,0.2586794394,0.1684356184,0.1618783296,0.158739933,0.2354494528,0.1722298752,0.2170556983,0.2286021768,0.1407809021,0.1464980443,0.04712678445,0.2112137259,0.2480143472,0.1311273521,0.2413551596,0.1868516075,0.2089263715,0.2576209891,0.4099692461,0.2276706683,0.2962267174,0.2611140074,0.2042072221,0.2155709822,0.5114910339,0.301034747,0.1611349581,0.18718784,0.1867362146,0.2717068906,0.1513900708,0.2173162229,0.3067216557,0.1734319004,0.2756177551,0.3104506939,0.2619270206,0.3216414178,0.2274021456,0.1307371257,0.2193777874,0.2167925353,0.2952682804,0.333517483,0.2900037586,0.2840024313,0.3210646616,0.1634910284,0.1758737709,0.2603075897,0.1321448736,0.2112829605,0.3964125429,0.1952288504,0.07458529224,0.1696867992,0.2270321861,0.1928483301,0.1858094637,0.3384213966,0.120860546,0.1258694388,0.2402462781,0.1585233101,0.2245848495,0.2943525373,0.3369055552,0.2048692101,0.1637444095,0.2072410434,0.2376206053,0.2506067071,0.2210474899,0.2234878591,0.253033105,0.189886757,0.3557545337,0.3330745199,0.2164679928,0.2009499415,0.2778995723,0.1331491411,0.3662472329,0.2395724617,0.1463883058,0.2504068415,0.3131034659,0.2773896394,0.225304486,0.2841298126,0.1183751286,0.1608140062,0.2329872309,0.2556975469,0.2365278394,0.2855709872,0.2294998229,0.2492752249,0.2844878387,0.1336592661,0.3014996213,0.2372492448,0.1981971067,0.132322827,0.2635756036,0.1822518364,0.1894450846,0.2054864727,0.2450424745,0.3664326596,0.1741434676,0.2515109992,0.3500296261,0.1377440718,0.2199688747,0.2218351597,0.2960363469,0.0687891753,0.406852976,0.3134882658,0.1730704397,0.2894598578,0.5272276212,0.2899742539,0.1883840826,0.4583418983,0.6172837192,0.4425042381,0.1918806849,0.2519857189,0.3048149291,0.3124256717,0.3403839782,0.310494681,0.3353300086,0.3367919427
"17",0.1498937742,0.277129705,0.1335690669,0.1588833206,0.3080976439,0.1873272557,0.2212545139,0.1622732996,0.2692477014,0.09061575319,0.2064435424,0.1908446416,0.1899635785,0.223145608,0.2599597166,0.3013766562,0.2395830026,0.1507229893,0.4092916417,0.1775470029,0.2471691377,0.2398123039,0.1852999837,0.1940358379,0.4731936533,0.4794903095,0.2238361027,0.4365607251,0.1531646641,0.3432937322,0.1296349236,0.1751170098,0.1647920247,0.1903724874,0.2238121335,0.1369770093,0.2847645418,0.2800748714,0.258301514,0.1635846394,0.1899981522,0.3249401247,0.170120046,0.3017533876,0.2328907122,0.188929703,0.1684223535,0.1474176656,0.2887527357,0.3587161677,0.1566237017,0.1608992941,0.170632614,0.1865804395,0.1815875338,0.3244738026,0.1930774121,0.3052252752,0.1661765075,0.2356007495,0.2925211928,0.2031362156,0.0935073957,0.2604438697,0.215221083,0.18515074,0.1668018134,0.3116000488,0.2100278315,0.413341828,0.1766534126,0.1874244618,0.2695294965,0.2113306735,0.1307842218,0.2101015694,0.2103956435,0.1875194423,0.2910384022,0.1389871952,0.2252711618,0.1956137122,0.239814541,0.2501410968,0.2032244634,0.1755688871,0.2234677981,0.2398176091,0.2918861319,0.1907570564,0.1561695913,0.3677892213,0.1884235837,0.1596036247,0.2584535354,0.2953542993,0.2649930011,0.3964864545,0.3941678885,0.2111253781,0.2841858851,0.2541892802,0.1617017044,0.1799288452,0.2333515936,0.2962194139,0.1656216178,0.2235080635,0.2747774518,0.2314169195,0.232498413,0.293543851,0.1988273151,0.2106339528,0.158601128,0.1391771875,0.2167966591,0.4117189348,0.227601435,0.2628157769,0.375583548,0.2041691484,0.206797687,0.1738704664,0.1845911464,0.2975084751,0.1302561249,0.2548722865,0.3622986671,0.2834634741,0.5086157868,0.2415064146,0.2524759381,0.142192291,0.1692286839,0.4896334765,0.3176851448,0.2023234078,0.2797378487,0.2189761742,0.2773729062,0.2198283087,0.1408311491,0.1968300179,0.2869947491,0.2764727273,0.3403049245,0.309101222,0.3438764382,0.3078102021,0.3290258772,0.2813024613,0.2851911224,0.3446526672,0.312839904,0.2059957045,0.5783865158,0.1781301814,0.3206835721,0.2215875146,0.2161666316,0.2219384713,0.4865504438,0.3161698253,0.3220554715,0.3806338213,0.1405377999,0.3782528967,0.1823238517,0.3759795155,0.4205984849,0.3127034113,0.2273363489,0.2250609052,0.3104311538,0.2346500613,0.3593587754,0.261817568,0.2203033974,0.2140079208,0.4711490848,0.1767519291,0.2595240932,0.2614726668,0.3264150481,0.2930125699,0.229433346,0.2962823094,0.206779569,0.2091680381,0.2377956244,0.3307169738,0.3354699753,0.2348016484,0.4043548003,0.2913086126,0.2143274184,0.3387577697,0.2820622254,0.3609079625,0.213041018,0.3110082116,0.5037150539,0.3900423651,0.3574555172,0.2751985932,0.4043870075,0.4595648251,0.4306105495,0.524943617,0.3138464095,0.3397611894
