,0,1,2,3,4,5,6,7,8,9,10,11,12,13,14,15,16,17,18,19,20,21,22,23,24,25,26,27
0,-2.02094581462,-3.27227423768,-1.7815740687,-4.23441179257,-2.21786999835,-2.57920275059,-1.61745466323,-1.00879289325,-1.72495405645,-1.1051367426,-0.980059586378,-1.5524422714,-1.59169089379,-2.5549446652,-3.93823436645,-1.2962228079,-1.22837784457,-1.15950247586,-2.08626344349,-1.24273563156,-1.23867739524,-1.74953194972,-2.9844874029,-2.62088722964,-3.17738668475,-1.60748454644,-1.57348989574,-1.0347008235
1,-2.01849091136,-3.17903632688,-1.75418835207,-4.11178143287,-2.17755497436,-2.41050402295,-1.63121353985,-1.00587961584,-1.78443834875,-1.0946207732,-0.975336435106,-1.55968916474,-1.75619485846,-2.35155295452,-4.0709907005,-1.31295265916,-1.21571633287,-1.10390562953,-2.23692320877,-1.27499068445,-1.21311243517,-1.73660703618,-3.11522827551,-2.63110389022,-3.39204624566,-1.5655353746,-1.5961625968,-1.03703019805
2,-2.01592981578,-3.23336539447,-1.74669121944,-4.161351702,-2.01247309428,-2.55394499725,-1.63243700058,-0.999259634761,-1.56656081428,-1.1185100568,-0.977249092208,-1.62494409831,-1.68811195918,-2.67103490927,-3.86977785309,-1.30789298842,-1.2077917773,-1.11527584046,-2.06458578366,-1.26554300031,-1.21664710814,-1.75163448354,-3.01735551292,-2.5715861364,-3.22923088057,-1.57584256082,-1.56404230234,-1.0432969115
3,-1.99286399902,-3.25894908982,-1.84643337583,-4.22545671773,-2.19898641668,-2.50706956846,-1.65557358394,-1.01638511504,-1.84525169675,-1.10433178237,-0.965162381949,-1.48918299333,-1.74715725591,-2.26039320514,-4.57404062029,-1.29221389682,-1.2201665487,-1.10012775798,-2.06713126205,-1.28261734666,-1.23469127642,-1.76438804982,-3.21969574005,-2.65474609228,-3.26929760683,-1.59870711408,-1.58861353485,-1.05002720838
4,-2.01818867678,-2.87055935849,-1.85987362621,-4.32100171197,-2.10364146416,-2.69884383945,-1.62017153094,-1.00023626184,-1.63562297729,-1.13440448644,-0.976317931823,-1.61567033899,-1.7468216991,-2.31034449687,-4.19116856889,-1.29588151367,-1.20072592396,-1.09288569323,-2.16636359804,-1.27106132905,-1.23529108767,-1.7449276067,-3.01112302697,-2.47507443034,-3.04660729169,-1.60364886427,-1.57373177783,-1.03590547968
5,-2.01272356506,-3.24067259633,-1.77468121424,-4.41092231381,-2.21232632724,-2.86801002412,-1.61776137788,-1.00655870334,-1.72954562036,-1.11569685485,-0.962055678074,-1.58988088813,-1.76608896729,-2.33451397069,-4.27176387534,-1.29795082074,-1.19887274276,-1.14151316012,-2.16971575803,-1.26520268053,-1.18485465821,-1.70446524052,-3.02916136355,-2.59829544795,-3.27960711159,-1.57490922571,-1.57198893908,-1.04928477094
6,-2.02447606887,-3.23340565809,-1.72586698598,-4.22045174562,-2.13715453312,-2.56444514432,-1.5867583867,-1.0054230559,-1.87325172879,-1.12178810521,-0.985326601271,-1.61544245393,-1.65712995688,-2.41586997774,-4.49417942315,-1.32976501814,-1.20863983691,-1.13480679795,-2.15064303809,-1.2388124354,-1.20801032011,-1.73137835413,-3.07507167641,-2.51767952268,-3.29195879063,-1.59580165991,-1.5659687816,-1.02430783974
7,-2.01295161852,-3.30259577725,-1.83561792759,-4.26811697295,-2.09019979038,-2.40283902016,-1.62746936251,-0.984588611078,-1.6152001607,-1.12527961704,-0.965244781501,-1.67793697048,-1.77703111369,-2.36195003901,-4.15269225447,-1.31906017481,-1.19205556929,-1.1323521666,-2.0699410333,-1.21923673951,-1.23881339443,-1.73029027217,-3.05685733422,-2.77936972983,-3.12221555692,-1.55895877098,-1.57528575674,-1.03620897557
8,-2.027650092,-3.19076812944,-1.86036567511,-4.08290075494,-2.13014758916,-2.33228645486,-1.63608963764,-1.00361965173,-1.80003744536,-1.13329659644,-0.992379482192,-1.6846717605,-1.68002725249,-2.41763703327,-4.37076194735,-1.32552127481,-1.19948792278,-1.10378693095,-2.2704572754,-1.24702318999,-1.2276457926,-1.75822336145,-2.94400018485,-2.76664506907,-3.02916990941,-1.54371841157,-1.55875374377,-1.04575575266
9,-2.02571552133,-5.4735925476,-2.4345075634,-5.22003729706,-4.16059236024,-4.73118388351,-3.97215707251,-1.04424403409,-2.72098341348,-1.60660689992,-0.983453728939,-2.27309176122,-2.77575263726,-3.28909322508,-4.21795900874,-2.09473314428,-1.30844650246,-1.65294056184,-3.76103749376,-1.25597528871,-1.84437271038,-3.92828102789,-4.94256504759,-4.34963242172,-4.59751257168,-2.53798869647,-3.80204805283,-1.00254306898
10,-2.01214441097,-3.13931039311,-1.8713023276,-4.27009604835,-2.15206589819,-2.61563203219,-1.63795479842,-1.01269098597,-1.81773728516,-1.11205329908,-0.959667806168,-1.68811779109,-1.57336923304,-2.26087980956,-4.23547518856,-1.31494428556,-1.18238682823,-1.13785193322,-2.12711212318,-1.24668093434,-1.21223750453,-1.7465045177,-3.10053372473,-2.76600989442,-3.09221442313,-1.56822511937,-1.56594785067,-1.04077114396
11,-2.03694685312,-3.1036377258,-1.85181569534,-4.54834856846,-2.18613005695,-2.79204011687,-1.6112584428,-1.0018052417,-1.800298596,-1.14241977926,-0.969952545157,-1.53846587554,-1.58774331287,-2.16706506604,-4.60083500154,-1.31800456424,-1.19820718798,-1.14482460854,-2.08161167094,-1.2674946896,-1.21790233207,-1.76021283354,-2.90804110697,-2.42976580025,-2.98776696037,-1.56829866777,-1.62332975344,-1.04696383265
12,-2.01159554135,-3.15334053167,-1.8870659645,-4.58724573231,-2.18040576198,-2.51214245949,-1.61175941937,-0.985556865305,-1.73595252564,-1.11099441312,-0.954349362242,-1.69245736815,-1.69615354893,-2.23414548965,-4.43605757286,-1.28561448374,-1.20304123318,-1.12127189729,-2.14807197947,-1.24181511185,-1.23488123852,-1.7975642887,-3.18822413104,-2.72475845705,-3.18876560001,-1.56744785606,-1.54451669865,-1.03003658624
13,-2.0108130533,-3.25984890817,-1.82111900969,-4.67495015709,-2.10575134495,-2.69992313894,-1.65989465887,-1.00993120347,-1.9124033584,-1.1117782732,-0.971270803826,-1.65244426823,-1.62947129036,-2.27026272506,-4.00477234467,-1.32124873709,-1.19741040185,-1.1107952803,-2.14679373421,-1.26713698492,-1.2278691012,-1.76005396736,-2.7876345684,-2.83494590423,-3.30301816556,-1.57461718559,-1.57225118221,-1.03141660827
14,-2.01530288885,-3.09846134551,-1.89652833736,-4.34325400975,-2.11387651336,-2.31932648706,-1.64619531894,-1.00163547199,-1.63956237893,-1.10967102408,-0.966013532901,-1.64113557484,-1.71259225249,-2.6241171748,-4.66815220597,-1.30824583825,-1.20879415573,-1.10977985622,-2.11308908567,-1.2373299732,-1.22804286168,-1.7728915756,-2.90183796676,-2.83376748774,-3.16756098532,-1.58035102126,-1.59835758889,-1.04983207746
15,-2.01426021738,-3.25203184357,-1.8012704257,-4.15935047007,-2.16263071986,-2.6684164931,-1.6491333683,-0.99342934901,-1.52424081269,-1.11180471998,-0.969552920248,-1.59994426964,-1.68103196419,-2.23782310236,-4.33265307961,-1.30842949774,-1.2019631493,-1.10542400163,-2.1889684762,-1.27623872769,-1.24601136572,-1.74829869382,-2.82861639015,-2.59767892494,-3.27230295547,-1.57383756383,-1.52855691874,-1.04062483281
16,-2.02346775597,-2.95834673184,-1.79077258467,-3.8119073538,-2.24228087451,-2.66524936394,-1.62958093556,-0.983452889703,-1.73797123297,-1.11050331129,-0.987013659801,-1.58480131383,-1.7196335443,-2.35623659551,-4.22161643114,-1.31609750124,-1.19764664739,-1.12546867864,-2.14796853117,-1.27243674895,-1.20036325929,-1.76505038526,-2.69710321995,-2.70435534353,-2.85263862364,-1.56374327018,-1.54611825673,-1.04624290221
17,-2.0091906877,-3.00995835456,-1.86697135598,-4.10857369121,-2.20701002335,-2.82580347534,-1.61156827833,-1.01160022226,-1.75925134752,-1.13259621547,-0.985807141572,-1.68848692713,-1.67911617273,-2.34670236265,-4.43164067837,-1.27331417583,-1.20275274345,-1.13715135254,-2.16660323427,-1.21901957368,-1.18112607496,-1.78221918718,-2.79472761086,-2.46442703806,-2.95671349099,-1.57503385823,-1.55218000282,-1.03505680856
18,-1.99571931318,-3.0853678682,-1.66207283251,-4.25050004328,-2.27110911655,-2.8502786934,-1.6473389423,-1.00033562536,-1.89932729423,-1.11164841541,-0.971983794868,-1.70116983159,-1.76874165312,-2.2964112719,-3.98793422886,-1.3005579854,-1.2140251514,-1.11418185197,-2.12943393595,-1.21960157079,-1.18706122197,-1.77110337185,-2.73050344378,-2.8229835159,-3.18287113594,-1.61255422319,-1.58993656937,-1.03009453336
19,-2.00694181987,-3.44672525009,-2.01025679788,-4.24430525886,-2.25373818599,-2.47615750524,-1.61541911629,-1.00217262446,-1.71110049876,-1.1118762344,-0.967712715636,-1.7277367291,-1.72402416337,-2.51333553504,-4.08358032704,-1.31206093012,-1.20241682363,-1.09125327537,-2.16921199117,-1.25445482792,-1.23145269053,-1.75798132532,-2.69340347149,-2.81966032621,-3.41917897458,-1.54658297425,-1.58076113889,-1.03697380829
20,-2.02320431165,-3.45597500721,-1.83546402956,-4.24380898142,-2.06455541297,-2.75141470429,-1.63740182177,-0.98188688527,-1.71773948024,-1.10350537943,-0.982651842764,-1.60831799999,-1.66065909,-2.25680184019,-4.24647961629,-1.29175324758,-1.22476075595,-1.13730360584,-2.04416587996,-1.25199116277,-1.19831608269,-1.71517280241,-2.87953157618,-2.69639778056,-3.02453474343,-1.5836359978,-1.59053587778,-1.04152033975
21,-2.00641209682,-3.03266674848,-1.78239775712,-4.13117007994,-2.18308466158,-2.61114213894,-1.65284795526,-1.01067307255,-1.65829712663,-1.12212851888,-0.991217978695,-1.65681765942,-1.69706612018,-2.4543685978,-4.08845500918,-1.327325288,-1.19240043643,-1.1116553087,-2.03771029792,-1.25736181836,-1.23338261162,-1.67909923565,-2.6175262202,-2.56698768345,-3.50070209426,-1.56907338234,-1.55453768394,-1.04202017574
22,-2.01304543997,-2.95949209252,-1.85365426225,-4.19320238583,-2.07482718147,-2.59639073598,-1.62178413142,-0.999198948786,-1.63109819477,-1.111987658,-0.969200601025,-1.66780358458,-1.76788108173,-2.35365623867,-4.32325620838,-1.30543922633,-1.19935294698,-1.13394873837,-2.10275564838,-1.24853917148,-1.2600932981,-1.73577389116,-2.79847405035,-2.85527552907,-3.18010621948,-1.59157597924,-1.57254116899,-1.02510233662
23,-2.01245403528,-2.95074366841,-1.84640020956,-4.45171903392,-2.22979126605,-2.86856218151,-1.59230798086,-1.00145946888,-1.89469397478,-1.10500996801,-0.973281185252,-1.66512619274,-1.61882355634,-2.53745021262,-4.33311537421,-1.32271720106,-1.21673729639,-1.12887296775,-2.20557580955,-1.24391239161,-1.24315470444,-1.75849405848,-2.78926902043,-2.55562595897,-3.1820914745,-1.54801709841,-1.57258832649,-1.05624200147
24,-2.01659517457,-3.01685231597,-1.76926806801,-3.95030681372,-2.05909311094,-2.54299395737,-1.63617289579,-1.01009951922,-1.8054645099,-1.10362795776,-0.977528900234,-1.65116012762,-1.78464641684,-2.34781639476,-4.17430677971,-1.31293557369,-1.23552772583,-1.12443408936,-2.12332540278,-1.25057949115,-1.21037242128,-1.77624413434,-3.14143232571,-2.5908630031,-3.05604880745,-1.57570129182,-1.56172755187,-1.03430533118
25,-1.9685107852,-5.5011478431,-2.6348179518,-5.41928246149,-4.15140448569,-4.60862933614,-3.69510733978,-1.05361213809,-3.47953315749,-1.62080986122,-1.00734206886,-2.58379870177,-2.564018044,-3.2683269609,-4.21330576914,-1.81961496707,-1.5841219007,-1.71088916529,-3.52644096724,-1.23024037569,-2.07558508396,-3.60111587054,-4.91294824449,-4.4914143156,-4.38963034658,-2.25455331981,-3.10222631834,-1.03461869974
26,-2.00294711116,-5.59398927896,-2.62336497494,-5.44142055704,-3.83008131901,-4.49715099147,-3.44865368499,-1.05818538212,-2.56725486461,-1.66392753634,-1.01654813204,-2.72622557123,-2.83319902575,-3.30111157747,-4.17151095508,-1.86472666336,-1.72865930548,-1.79123927597,-3.58854107267,-1.30257638869,-2.14924364309,-4.09908724981,-4.82887343163,-4.86361786191,-4.61440967501,-2.78719490067,-2.94682698298,-1.03098261916
27,-2.03636015462,-5.50060544146,-2.92653381245,-5.12213260501,-4.1767770187,-4.41504009494,-3.19131497519,-1.04689176009,-2.83399053561,-1.56520313905,-0.993297502754,-2.55789679278,-2.98632985007,-3.38536433089,-4.24514898241,-1.3956923551,-1.66623331098,-1.61754721006,-4.0594471006,-1.23900280027,-1.87378861138,-3.81756411182,-4.48573280976,-4.73389192796,-4.65470039566,-2.1189869639,-3.72497610106,-1.02843933779
28,-2.01950166956,-3.09188962585,-1.80085783208,-4.20077915843,-2.13945932502,-2.41425271436,-1.65414492539,-1.01031651059,-1.7690992425,-1.1145716903,-0.996787611403,-1.60586948924,-1.55919206904,-2.10140798321,-4.19076914874,-1.34827040549,-1.20323536579,-1.13026566383,-2.09921607792,-1.23777124978,-1.1758583088,-1.76396596047,-3.15957163175,-2.62702474335,-2.98553449943,-1.55468941037,-1.59480866015,-1.03584864049
29,-2.0193006713,-3.12798675712,-1.92556728866,-4.31703737221,-2.23128550164,-2.71832802448,-1.64377156061,-1.00769973813,-1.64402885446,-1.11837068952,-0.969318120862,-1.57873880489,-1.68381850465,-2.4544193286,-4.33715374379,-1.30794614296,-1.20845894951,-1.11069095508,-2.16671897507,-1.25686285769,-1.22761952295,-1.72601554006,-2.96192553843,-2.67845509108,-3.20662187097,-1.57282860335,-1.5603524844,-1.04437960995
30,-2.01891835005,-5.48382003294,-2.68647261708,-5.05172608981,-4.49889720236,-4.47987393783,-3.67982329419,-1.02525265862,-2.71811936738,-1.50676883145,-1.04287890846,-2.49868908878,-2.89133343207,-2.88813083384,-4.15823346524,-2.04643429048,-1.45097841568,-1.73035844001,-4.01093971523,-1.24423119261,-1.919358551,-3.76856161499,-4.64918604595,-4.63184671658,-5.21070636479,-2.52345384526,-3.42722470876,-1.08774722349
31,-2.04753786518,-5.48232348741,-2.38963236195,-5.1006311722,-4.04014394795,-4.71047171766,-3.06291651404,-1.04533078981,-2.59414933606,-1.28606042765,-1.05692409769,-2.32150186206,-2.89390880231,-3.04713797789,-4.27673624896,-1.997995773,-1.46353317797,-1.82210398831,-3.6347525809,-1.26366623424,-2.45653714599,-4.00114843828,-4.81754901203,-4.30020620247,-4.44764015718,-2.48774144401,-3.12608913897,-1.05192841959
32,-2.04405840272,-3.08724152425,-1.6245176495,-4.39120742417,-2.15590142836,-2.70030382868,-1.64598344049,-0.987719821335,-1.57260530725,-1.10016895907,-0.962408794444,-1.59398428337,-1.67996611715,-2.53989601715,-4.27041657873,-1.31154645532,-1.20367558738,-1.11678502891,-2.15703548613,-1.21849096291,-1.23930106003,-1.71450872438,-2.99099072771,-2.52817008176,-3.24007884117,-1.56657954472,-1.57533449567,-1.02703011202
33,-1.99927409254,-2.99430217854,-1.85701917184,-4.09951606733,-2.12509891262,-2.66989522699,-1.62210083765,-0.98288916958,-1.75958138252,-1.12741349132,-0.967811450634,-1.71490609528,-1.67395707181,-2.45422334685,-3.99074997224,-1.30968726636,-1.21554720884,-1.12228606836,-2.17968262124,-1.26043991074,-1.22983484847,-1.75219330609,-3.03975926795,-2.47641310988,-3.29739923208,-1.56492838702,-1.57663688929,-1.04676264193
34,-2.00435283113,-2.9522952294,-1.80428168513,-3.95005596961,-2.1658580397,-2.80953289471,-1.63673692083,-1.00916196567,-1.68201384972,-1.10936519332,-0.952377267684,-1.70493405874,-1.73705706662,-2.61560779007,-4.31161766693,-1.32822867243,-1.21644203381,-1.13145803071,-2.15179987856,-1.24813015055,-1.19771149142,-1.76841129414,-2.92765628161,-2.68436594209,-3.2804469781,-1.57070127302,-1.55176309563,-1.0411620265
35,-2.02804577261,-3.27525433204,-1.96666363683,-4.19518862371,-2.19665427231,-2.30506220211,-1.64174855157,-1.01362465704,-1.75973113771,-1.12411085887,-0.985077102836,-1.57542743772,-1.74203115828,-2.3464477461,-4.41280539335,-1.3392456056,-1.23099391266,-1.14748634157,-2.26239728424,-1.25541131174,-1.22783665029,-1.7214406681,-3.15741361734,-2.69366165512,-3.3419537147,-1.57692719545,-1.57169736192,-1.02861944008
36,-1.99792621312,-2.91261988937,-1.65155505286,-4.26858756285,-2.02394969687,-2.52441964696,-1.64002216495,-1.00337798104,-1.74430826863,-1.11017422852,-0.972636092359,-1.57405988964,-1.62001850446,-2.39157102633,-3.91516546401,-1.32229078311,-1.2202440702,-1.14236947069,-2.15580300975,-1.24772451008,-1.209168049,-1.78128120387,-3.03263034567,-2.96715334379,-3.25386071535,-1.56710556043,-1.55971971972,-1.03376003901
37,-2.0040870347,-5.58846029754,-2.43027363148,-5.21585520259,-3.58304397255,-4.40616311962,-3.30167678582,-1.06454309778,-2.64982422123,-1.41767894822,-0.988252949279,-1.98294392138,-2.54708904521,-3.24020394738,-4.40938172793,-2.02908561801,-1.5762021133,-1.93067553523,-3.76223105189,-1.25824164637,-2.0012194585,-3.79966382693,-4.59624877083,-4.64107523624,-4.96458167166,-2.63840055566,-3.11795328031,-1.0577774533
38,-2.00590602259,-5.52947976,-2.43098694445,-5.3486360909,-3.90025254022,-4.6378040347,-3.65828387788,-1.07851818491,-2.60784197413,-1.30231072475,-1.01252731083,-2.40806387089,-2.61826419633,-3.7649023006,-4.15182692832,-1.99786150206,-1.65212770512,-1.54978761303,-3.80441659606,-1.25394709208,-2.17952694939,-3.74456416813,-4.63804434715,-4.20432860551,-4.83580934908,-2.52041744476,-3.26375010466,-1.03251733433
39,-2.00155276429,-3.37266923065,-1.91436066111,-4.20905959432,-2.12448551579,-2.25886693115,-1.64123593564,-1.00392246041,-1.7807774335,-1.10430985736,-0.948858620475,-1.5369923768,-1.73912926417,-2.35753995399,-4.27395688391,-1.29078288686,-1.20138979797,-1.11131598133,-2.05302895235,-1.23898692629,-1.24878882184,-1.7339850752,-2.87387409484,-2.82693214837,-3.29101530418,-1.59177340614,-1.62411349065,-1.03346275876
40,-2.0193184121,-5.68807341531,-2.77751826439,-5.57398612233,-3.68599695448,-4.6563230088,-3.41145082909,-0.990380298502,-2.54932415205,-1.40762287028,-1.03821424584,-2.60118936681,-2.69073340798,-3.38998089534,-4.29119516995,-2.27598796424,-1.65586943782,-1.42995409239,-3.6334861163,-1.26336038349,-1.99648005395,-3.58753612794,-4.89823204137,-4.8700022915,-4.38626796679,-2.22396565077,-3.21211878668,-1.058555271
41,-2.00214644058,-5.52183149404,-2.8878364758,-5.30297035504,-3.91722726645,-4.67633920532,-3.32982502199,-1.02883795189,-2.56982070617,-1.58081957425,-1.04283601848,-2.39369824527,-2.340641378,-2.79100015762,-4.00620291273,-1.86135917197,-1.31308213872,-1.82362052479,-3.47918529667,-1.27758845032,-2.18858263533,-3.80426442837,-4.58331176238,-4.52240232304,-4.65606328274,-2.46675662673,-3.07112521695,-1.06119858521
42,-2.0118422537,-3.12073565413,-1.89225783823,-4.01583516117,-2.04708291634,-2.72994903128,-1.65261185686,-0.992004826146,-1.78472321789,-1.10897919863,-0.967300161223,-1.57246493994,-1.66300386732,-2.28064014385,-4.18325063185,-1.30083427695,-1.23720042623,-1.12641939311,-2.1959248816,-1.28073544342,-1.23678088286,-1.72758029635,-3.06430121578,-2.64925460258,-3.31920857291,-1.60353152731,-1.5898707205,-1.04592180517
43,-2.02354909903,-5.57824110277,-2.66089947897,-5.35569175987,-3.92508617484,-4.72071808295,-3.68213828414,-1.05126479004,-2.743685407,-1.60321657413,-1.07010713719,-2.65435879985,-2.80192898675,-3.25769888776,-4.20985087026,-2.01430266878,-1.56414493241,-1.68718072936,-3.84699759144,-1.23956167773,-1.80181896378,-3.33890050377,-4.87922532409,-4.65428039876,-4.75199988415,-2.2698826424,-3.55658043122,-1.0602197976
44,-1.99077206038,-5.65303633338,-2.39169550938,-5.54026965568,-3.80064011094,-4.78170322264,-3.31789325921,-1.0671472912,-2.46541306567,-1.65007567598,-1.02786998746,-2.63999914954,-2.64556670838,-3.40270339316,-3.85398969789,-1.76149795198,-1.54599398556,-1.80026459856,-3.92074810834,-1.27578863516,-1.84882045761,-3.72892497804,-4.82682161195,-4.66122639732,-4.72860431495,-2.26744517904,-3.38605857686,-1.08057223415
45,-2.05019412159,-5.56547544488,-2.27785670758,-5.35079137345,-3.90394929568,-4.33634005836,-3.74026247734,-1.06804955268,-2.78134263001,-1.39074954343,-1.01915195836,-2.40180461723,-3.10006181511,-3.23635727782,-3.74193191892,-2.16474818071,-1.54623417757,-1.56442038318,-3.79238714958,-1.30241070382,-2.033237355,-3.99888709427,-4.78568587898,-4.53430627364,-4.6908283317,-2.16607292299,-3.5691622187,-1.02561901722
46,-2.03005874309,-5.34266173145,-2.46778620096,-5.26975470816,-4.32111586883,-4.37962948413,-3.60221230338,-1.0637954901,-2.69357906822,-1.59026217621,-0.957367022731,-2.7096476031,-2.8960714991,-3.43256463549,-4.18424547168,-1.80312557852,-1.41909909674,-1.79937899169,-3.72691821781,-1.2552833471,-2.10033357673,-3.56994471206,-4.63449768083,-4.53556297897,-4.65452900929,-2.31657881385,-3.33017475702,-1.04875159596
47,-2.02447355962,-3.14655315195,-1.95504326981,-4.44263002651,-2.16035990961,-2.5008929702,-1.63261750296,-1.00854708213,-1.75168692129,-1.12354611782,-0.976528564292,-1.58703456535,-1.73235369569,-2.34279417737,-4.34771151818,-1.29543748251,-1.21223364177,-1.11040674542,-2.10150004327,-1.23072771373,-1.20803613914,-1.75883805326,-2.83293923917,-2.70618754361,-3.160229948,-1.57433708476,-1.56920671668,-1.03137547589
48,-2.02511479313,-3.58753277552,-1.93039195071,-4.40165767082,-2.15606279038,-2.70337153567,-1.64578887482,-1.00182677472,-1.58947279889,-1.09886839861,-0.960992862338,-1.64929643714,-1.68786054101,-2.61797337315,-4.24576831495,-1.31230249132,-1.19778979005,-1.13902261218,-2.10473397199,-1.23541990181,-1.24174822222,-1.7177480699,-2.71789428144,-2.88293800832,-3.20314993746,-1.59152101257,-1.58096237906,-1.04507582049
49,-2.0216981183,-2.92986599757,-1.69272674239,-4.18110241564,-2.09404831334,-2.41019357333,-1.65415518853,-1.00333870999,-1.69365320255,-1.12115919491,-0.950970602324,-1.67019291511,-1.59382580248,-2.11987518083,-4.31279817026,-1.34635734396,-1.21413383921,-1.10862151919,-2.03778645743,-1.26233872768,-1.2052479857,-1.75887603625,-2.85046682399,-2.74122352523,-3.31677446,-1.58870017112,-1.58499544703,-1.04176457125
50,-2.01625566624,-3.11974174468,-1.74553456241,-3.85675020466,-2.09905473143,-2.63647492008,-1.62805318698,-1.00434574237,-1.72693772539,-1.12402173124,-0.972466999092,-1.62203758049,-1.80343297166,-2.19288918503,-4.11663920149,-1.29527011178,-1.212620595,-1.12223623486,-2.1591245484,-1.2487725819,-1.25484207523,-1.74618113003,-2.78743960878,-2.73963131193,-3.05247652156,-1.58284905587,-1.58146935363,-1.04002404058
51,-2.00440201925,-3.52794575484,-1.73386875245,-4.40518128238,-2.14161333522,-2.90525799386,-1.62197423707,-1.02236740074,-1.72827761302,-1.12981003772,-0.981074316899,-1.61688386505,-1.75311172351,-2.18295820756,-3.99739663358,-1.30310517919,-1.20918198558,-1.11598330688,-2.08859403945,-1.27173728124,-1.26149595147,-1.73067436299,-2.67627773852,-2.52273491444,-3.289791149,-1.58631203932,-1.59342315314,-1.03600615528
52,-2.02128049532,-3.21095062762,-1.72734276053,-4.05020346832,-2.18982923511,-2.52642133619,-1.60534749227,-1.01436610239,-1.67206518264,-1.12067365344,-0.969342506137,-1.51606568803,-1.60102887538,-2.25920081608,-4.09181283665,-1.33359167782,-1.20458109941,-1.13167780371,-2.19524537087,-1.22572980385,-1.27149712404,-1.73782767777,-2.79703142899,-2.55221126275,-3.20288203903,-1.59223747417,-1.58576249836,-1.04743210637
53,-2.01146130346,-3.07491880657,-1.87604674642,-4.1998321935,-2.1625910704,-2.67027188059,-1.62776809284,-0.998085268314,-1.72320031578,-1.10996077426,-0.977786246299,-1.66073579128,-1.7317555073,-2.43279249341,-4.09474270612,-1.31589603879,-1.19534129564,-1.15900093104,-2.29752529741,-1.23236008128,-1.22120058163,-1.75056328054,-3.12725888465,-2.83000045771,-3.39934222484,-1.57734601729,-1.57965340029,-1.0456686341
54,-2.0527085898,-5.40428567284,-2.64776638877,-5.0898729296,-4.03324144436,-4.96568150958,-2.93174016902,-1.04920886708,-2.59632742527,-1.84096445138,-1.04019652464,-2.27210726221,-2.76382840602,-3.34748597848,-4.20573014076,-1.85707724436,-1.41058559321,-1.49067204443,-3.8016923748,-1.25259784912,-1.99191747195,-3.68020109579,-5.01559360867,-4.53568887989,-4.63274758785,-2.17101978356,-3.42621926776,-1.06711985778
55,-2.02532275861,-5.63570354404,-2.35119977555,-5.13585564935,-4.03104399283,-4.4976127793,-3.36471223426,-1.05337821763,-2.70094877038,-1.41155557759,-0.999886468595,-2.64996541676,-2.91385608525,-3.23915442175,-4.36230704549,-2.05805998327,-1.38740017295,-1.74923854787,-3.59404002132,-1.26404065015,-2.30472093479,-3.68330941358,-4.59063690718,-4.48565646806,-4.95057626165,-2.25989309291,-3.30525195368,-1.03566651295
56,-2.01984752413,-3.3753295241,-1.7591253564,-3.9625894558,-2.0912769161,-2.52449241089,-1.62646976531,-1.00399162006,-1.77176562657,-1.1223260146,-0.969002761475,-1.63290495018,-1.76694941132,-2.21295475336,-4.45522678403,-1.30442001792,-1.22009602973,-1.12045195488,-2.11990070446,-1.26044285643,-1.23592390858,-1.71450599606,-2.881344734,-2.65762770394,-3.01328319744,-1.59358529482,-1.57499321434,-1.03163797017
57,-2.05567690735,-5.65682976967,-2.83051798798,-5.39680663759,-4.19579448928,-4.80512746344,-3.14293034109,-1.02293129174,-2.56253726662,-1.60331054417,-1.02788142545,-2.73715198833,-2.55692669047,-3.33454530204,-4.3964133659,-1.95172593823,-1.3733868375,-1.80180291703,-3.62122402357,-1.26200605061,-2.24081220801,-3.84311339927,-4.44124639489,-4.68476741785,-4.82696363524,-2.57669877501,-2.94910843356,-1.08276326106
58,-2.03066596242,-3.16306794431,-1.92167296598,-4.04427858083,-2.14839884662,-2.65371371383,-1.65031550867,-0.996262052559,-1.78715651556,-1.12819516295,-0.997138703044,-1.75138697835,-1.71413265918,-2.41228340103,-4.36870451207,-1.30590242646,-1.21323022887,-1.09773053184,-2.23423732231,-1.23859447924,-1.24151705928,-1.73168126117,-2.87362669704,-2.65967647913,-3.41880888329,-1.61311720566,-1.55783159688,-1.0405891756
59,-1.99285372111,-3.24837444374,-1.76590681833,-4.42447871242,-2.19477499196,-2.53004546521,-1.60120034984,-1.00813089035,-1.528484676,-1.10536730452,-0.964482601773,-1.52267525552,-1.63991659507,-2.32308421688,-3.98007925462,-1.35498866526,-1.19265722772,-1.10595347145,-2.10683960496,-1.27893853639,-1.22073070212,-1.75424053544,-3.06486235095,-2.90229406455,-3.09935460952,-1.56570194269,-1.59389384373,-1.02824240921
60,-2.02320646407,-3.04631416827,-1.848849916,-4.62600571671,-2.03569267832,-2.74094907868,-1.6158289367,-1.00554634393,-1.79492755646,-1.12065157748,-0.990481488506,-1.54269793772,-1.67382513316,-2.36546309889,-4.0911171463,-1.29790380028,-1.18888368962,-1.13742948121,-2.1767285146,-1.21999257743,-1.23170221783,-1.72969195952,-2.86427139068,-2.55686437973,-3.3186481139,-1.58818360429,-1.54783948605,-1.05994852643
61,-2.01964809076,-3.16059457432,-2.0186484472,-4.32922275218,-2.25560620176,-2.57498558104,-1.63821961743,-0.98592242587,-1.75086156315,-1.12036348257,-0.975924545389,-1.62349201292,-1.71349561589,-2.46071874329,-4.2914492036,-1.31309928243,-1.1982469337,-1.12226225009,-2.15261099769,-1.22569053162,-1.23963390168,-1.77880264322,-2.94560590872,-2.61901424243,-3.25515611502,-1.56520031043,-1.57587247695,-1.04367971872
62,-2.00716230418,-3.14429195444,-2.01885041235,-4.48540214293,-2.15448611081,-2.97325523853,-1.58037632012,-1.01641589808,-1.55181748008,-1.10914780832,-0.964885163539,-1.62276115496,-1.67083119886,-2.42370205595,-4.48685994938,-1.31548344628,-1.20402605024,-1.1196401826,-2.25713569915,-1.25862371531,-1.23189993079,-1.76723597925,-2.72868963437,-2.59620476951,-3.20342871639,-1.56924005651,-1.5616368704,-1.05049446983
63,-2.05458200339,-5.49710853861,-2.48596748272,-5.23928910091,-3.5474041945,-4.38523674578,-3.27218024403,-1.10355676405,-2.89593885109,-1.93318937368,-1.03161579318,-2.29608575264,-2.5821138765,-3.10290619476,-4.17164673344,-1.93351746043,-1.45315733123,-1.68080140813,-3.35515784118,-1.29566239337,-2.03801843048,-3.80453236758,-4.59899832589,-4.6714632455,-4.87417222746,-2.22501126181,-3.32219243588,-1.0430987742
64,-2.01799065187,-3.0840181188,-1.77360678926,-4.3409866306,-2.12290740398,-2.48246762547,-1.64158230353,-0.991223497633,-1.63112785041,-1.12505020684,-0.968975465364,-1.63763478922,-1.71379597149,-2.44963074854,-4.1490195307,-1.29343654672,-1.2017344063,-1.12685665629,-2.19035888378,-1.27718283147,-1.21811234206,-1.75288677498,-2.74650296823,-2.69256065588,-2.93781409285,-1.57071730218,-1.5666143859,-1.03831580576
65,-2.01589911075,-3.28792153196,-1.69065713421,-4.45035843798,-2.15675489376,-2.6590493808,-1.58220457709,-0.998288161369,-1.69677898566,-1.12641101668,-0.973489583163,-1.66357881959,-1.65853036401,-2.4460887762,-4.38491664094,-1.30278926665,-1.19807923173,-1.12706919577,-2.24785362501,-1.22688380921,-1.22384908627,-1.73552088679,-3.02962886677,-2.76242193821,-3.01787828828,-1.57782754901,-1.58469653426,-1.03063410573
66,-2.01802008696,-3.33908888514,-1.86104093055,-4.02475047563,-2.19663065153,-2.57631216576,-1.60828716286,-1.00848781866,-1.73636951528,-1.09578568434,-0.979717603207,-1.57149413602,-1.73237641968,-2.37202518502,-4.15781405433,-1.3414873535,-1.20423307658,-1.10924565761,-2.11032060835,-1.24223987649,-1.2420737565,-1.75587622097,-2.98019755018,-2.53975480382,-2.99906743635,-1.54992893251,-1.57611591946,-1.03163892239
67,-2.0375293668,-5.63395650689,-2.80987782923,-5.04870759285,-3.96642420649,-4.76323192753,-3.63733680709,-1.09723870416,-2.68964776357,-1.49189883239,-0.989145157578,-2.80455134304,-2.37540393697,-2.93300248026,-4.6039584321,-1.99174534601,-1.57567772614,-1.6450800212,-3.9017493295,-1.25487593479,-1.73607575123,-3.75457407526,-5.10924531397,-5.10805958785,-4.61702248382,-2.71269619277,-3.12723126413,-1.06683245759
68,-2.02219741149,-3.33262720856,-1.77955628684,-4.2815622898,-2.18837056224,-2.60854497685,-1.64073061103,-0.996747127828,-1.80229173486,-1.09937625368,-0.957619864989,-1.73052578114,-1.69831559827,-2.19319779134,-4.45791216327,-1.3634197833,-1.19412307244,-1.11791059666,-2.2216876766,-1.25074440556,-1.21882330055,-1.74100232575,-2.86008814001,-2.62385440808,-3.04402400409,-1.58346643073,-1.55842694828,-1.04638452669
69,-2.0240680676,-3.23040515186,-1.82236818915,-4.00257065992,-2.1075556403,-2.66007287857,-1.64193119129,-0.991717565903,-1.72488413031,-1.12375248712,-0.981065743958,-1.62470914265,-1.69897069487,-2.1603376408,-4.07687280918,-1.29510090496,-1.18016014882,-1.13105074591,-2.1094924355,-1.23990152929,-1.21984785427,-1.74885028863,-2.81630122805,-2.60032413372,-3.20825140413,-1.57648912804,-1.5803626844,-1.0440950845
70,-2.02094023553,-3.5316540214,-1.71323916583,-4.07275074535,-2.11733862804,-2.48713049624,-1.62804215946,-0.98400207534,-1.87860605045,-1.09074024034,-0.972289629382,-1.60504722027,-1.63285125746,-2.37454094416,-4.52369258459,-1.32154013974,-1.19470578348,-1.10705300548,-2.20335399921,-1.24949902754,-1.23410850054,-1.7826485005,-3.1820863617,-2.51734822584,-3.4901957802,-1.59059962241,-1.57290283863,-1.04382804519
71,-2.00276009848,-3.47137460314,-1.91420960774,-3.95998028523,-2.12637571493,-2.78187070197,-1.59212656551,-1.00507131862,-1.83063577974,-1.12003656928,-0.979748176668,-1.66608643367,-1.77724844624,-2.06865039978,-4.5784737735,-1.30159423195,-1.1936035719,-1.08861430227,-2.10508887253,-1.2595608442,-1.18935505997,-1.71825283119,-2.89239362611,-2.77253394755,-2.88013597963,-1.56409038812,-1.55041460553,-1.04298447176
72,-2.00048083667,-5.57325563996,-2.54124208784,-5.53770309336,-4.55424461387,-4.68776416744,-3.42884898376,-1.01900559363,-2.60574691543,-1.44275969618,-1.01971168694,-2.43699324111,-2.8011359681,-3.00408415844,-4.00298854556,-1.70993296056,-1.35712532105,-1.82381691206,-3.71194553668,-1.23261045189,-2.11626273745,-3.69147813028,-4.68128159247,-4.7046490455,-4.98350009039,-2.36369851176,-3.3276397496,-1.01783944798
73,-2.03509962942,-5.7236046408,-2.51591092674,-5.42485888193,-4.15761285391,-4.59678525293,-3.94279375705,-1.07767038879,-2.77097719009,-1.65490180931,-1.05061591566,-2.43834508271,-2.82756080775,-3.15024427712,-4.3859364856,-1.81228133688,-1.4755654132,-1.65879451825,-3.47021222907,-1.26740025218,-2.01416205224,-4.23922568214,-4.62454202228,-4.18446274671,-4.78013248412,-2.45591185086,-3.64671370475,-1.0418640491
74,-1.97799257339,-5.52320326824,-2.74319597128,-5.05835440852,-4.03010491204,-5.02997568927,-3.26504642886,-1.08183805685,-2.57868130897,-1.64910717205,-1.03157148725,-2.4560314784,-2.90310692512,-3.5793982323,-4.390445471,-2.17353129634,-1.34050209683,-1.50371222364,-4.00185144763,-1.2224341516,-2.6711314721,-3.85360270389,-4.92237981505,-5.0601766698,-4.73233061794,-2.68273960687,-3.52286753629,-1.08141008422
75,-2.01975500222,-3.12287849735,-1.81027544345,-3.95284295665,-2.13938897907,-2.64701373063,-1.61714078995,-0.994910144946,-1.81400104714,-1.11114055052,-0.960659575504,-1.63084326714,-1.67945956267,-2.59843284416,-4.17588434099,-1.29266385777,-1.21002917948,-1.12093483443,-2.28444239474,-1.24715737113,-1.21917805701,-1.74375878795,-2.91548333116,-2.89003332418,-3.15360965051,-1.58088968675,-1.56861665287,-1.03479469305
