"V1","V2","V3","V4","V5","V6","V7","V8","V9","V10","V11","V12","V13","V14","V15","V16","V17","V18","V19","V20","V21","V22","V23","V24","V25","V26","V27","V28","V29","V30","V31","V32","V33","V34"
"rm_na_accD",0.00792393999999999,0.0133886500000001,2.60000000000001e-07,0.00380607999999996,0.0142388499999998,0.00376015000000004,0.0259609100000001,0.00304793999999998,0.13620627,0.01163243,0.0266147100000002,0.0611338600000004,0.0260082500000002,0.01503901,0.0924540600000007,0.0565435899999996,0.0112410500000001,0.00601367000000002,0.00128650000000001,6.40000000000004e-07,0.0401311400000004,0.10940174,0.0205118400000001,0.04058012,0.0638579900000007,2.20000000000002e-07,0.00236537000000001,0.01052079,0.0674666700000007,0.00767671000000002,0.0507609100000003,0.04103642,0.03235958,0.0516642000000006
"rm_na_atpA",0.00616771000000001,0.01122429,0.00168738000000002,0.00228647000000002,0.0129250099999999,0.00127519,0.0193308900000002,0.00488505000000006,0.11769751,0.0182545600000001,0.0104323099999999,0.0474894599999997,0.0317417999999998,0.0256804200000003,0.0812088000000005,0.0715304700000006,0.00784300999999996,0.01014888,0.00350043999999998,0.00326882999999999,0.0375144699999996,0.0325009299999996,0.0262319700000003,0.0690776500000004,0.0680306100000004,1.30000000000001e-07,0.00776003000000008,0.00513034999999994,0.0870675399999999,0.0219480299999999,0.0412120799999999,0.0313780699999999,0.0312326299999999,0.0402135600000002
"rm_na_atpB",0.00643602,0.00550273999999997,1.40000000000001e-07,0.00259909000000002,0.00588696999999996,0.00215531999999999,0.0213673999999998,0.000332269999999996,0.10715066,0.0107723500000001,0.00893895000000003,0.0515241800000001,0.0226539699999998,0.0239653700000003,0.0606560799999995,0.0467776,0.0157928799999998,0.01032859,0.00282910000000003,0.000896890000000009,0.0304213399999999,0.0510480599999998,0.0113549699999999,0.0487975500000001,0.04243884,0.00171131,0.00545202999999998,0.00145657999999999,0.0730520099999995,0.0166923,0.0235402099999997,0.0180552400000001,0.03098624,0.0419629300000004
"rm_na_atpE",0.0114815799999999,0.00321963,1.60000000000002e-07,0.00166379000000001,0.01729756,1.40000000000001e-07,0.0324674499999999,0.00451418,0.10399089,0.0170271699999999,6.50000000000007e-07,0.0784595299999997,0.0366063999999996,0.0270248000000002,0.0883053899999995,0.0866926000000005,0.0408599199999999,2.71000000000003e-06,0.00579518999999997,0.00589134000000003,0.0447786600000004,0.0288815699999997,0.00309682999999997,0.0702807700000005,0.0657256000000005,2.20000000000002e-07,6.29999999999998e-07,0.00654320999999993,0.0950031100000006,0.0249292499999999,0.0454713999999995,0.0379446199999997,0.0380188199999997,0.0748600400000004
"rm_na_atpF",0.00737933,0.00452206000000003,1.60000000000002e-07,0.00638707999999994,0.0217653400000002,1.40000000000001e-07,0.0180466600000001,0.00406701000000003,0.12099752,0.0291382599999999,0.0162728000000002,0.0600363799999995,0.0315231299999998,0.0203663299999998,0.0779083299999997,0.0979276400000011,0.0414776800000002,0.00267878999999997,0.00765193000000006,1.30000000000001e-07,0.0446153399999998,0.0613941399999998,0.0302947700000003,0.0719158499999992,0.0563757499999995,1.40000000000001e-07,0.00189204000000001,4.80000000000003e-07,0.0799972699999997,0.0402201600000002,0.0354826400000002,0.0373065999999998,0.0480546200000001,0.0481133000000005
"rm_na_atpH",0.00572669000000003,0.0243808499999999,6.60000000000002e-07,6.70000000000005e-07,0.0155266999999999,3.40000000000004e-07,0.0301017099999997,3.30000000000002e-07,0.10222087,0.0197247200000001,0.0121318499999999,0.0559470200000004,0.0209243400000001,0.00980007000000004,0.0256673600000001,0.0609670100000004,0.0200091199999999,0.00325957,3.8e-07,3.30000000000002e-07,0.0147300100000001,0.01469115,0.01974904,0.0530947800000004,0.0420796900000003,3.50000000000004e-07,6.40000000000004e-07,3.38999999999998e-06,0.0927710299999997,0.0273678200000001,0.0231722799999998,0.0457622499999997,0.0228097000000002,0.0373381100000002
"rm_na_atpI",0.00424142999999997,0.0163181200000001,1.60000000000002e-07,0.00289503,0.00653070999999994,0.000885780000000006,0.01786894,4.66999999999998e-06,0.13071196,0.0140189400000001,0.0206566600000001,0.0484632999999998,0.0275604300000002,0.0150366699999998,0.0446611800000005,0.0394147600000002,0.0188139399999999,0.0131078400000001,0.00305021999999997,2.50000000000001e-07,0.0296678700000002,0.0469526200000003,0.0121474099999999,0.0459559799999997,0.03546837,0.000561269999999995,0.00455450999999996,0.00507243999999994,0.0689861599999994,0.02130098,0.0371226800000001,0.02303159,0.02685282,0.0276541900000002
"rm_na_ccsA",0.01002349,0.0237263300000002,1.10000000000001e-07,3.09999999999998e-07,0.01420321,0.0140014799999999,0.0334504800000001,0.00464973000000003,0.23454732,0.03203815,0.0241678600000001,0.13168507,0.06416811,0.0492236200000004,0.18281713,0.0853802400000009,0.0333663500000003,0.0260720000000001,0.0129013000000001,0.00602307999999994,0.05142231,0.0826139100000001,0.0553944500000001,0.0894060199999999,0.10087641,0.00095991,0.00628975000000004,0.00447203000000005,0.22132116,0.0413190299999996,0.0662784099999998,0.05912336,0.0573333300000005,0.0653532600000002
"rm_na_cemA",0.00767622999999994,0.0133569499999999,4.10000000000004e-07,1.69999999999998e-07,0.0229931599999998,4.10000000000004e-07,0.0290241599999998,1.30000000000001e-07,0.15047037,0.0186309900000001,0.0167138800000001,0.18807379,0.0345959400000003,0.0322351099999999,0.13563625,0.0770667699999993,0.0257498800000001,0.0150133699999999,0.00160878,0.00271185000000002,0.0445358299999997,0.0701329099999996,0.0371799499999997,0.0620266099999994,0.0602748400000002,1.40000000000001e-07,0.00325333000000002,0.00574467999999998,0.10804494,0.0315434399999998,0.0406888000000002,0.1081732,0.0419717900000001,0.0500491299999995
"rm_na_clpP",0.00563764000000002,0.00250340000000001,2.60000000000001e-07,2.60000000000001e-07,0.0171376800000001,3.40000000000004e-07,0.0280145,0.00353875,0.0636371800000003,0.0336215699999998,0.0250819400000002,0.2906551,0.02238446,0.02602672,0.0371795700000004,0.0453255000000002,0.0103263399999999,0.00531879000000005,3.8e-07,5.20000000000001e-07,0.0218961299999999,0.20910016,0.0189662899999999,0.0375790600000001,0.0254298700000001,2.20000000000002e-07,0.0142799799999999,6.80000000000006e-07,0.0364831100000001,0.01846048,0.0164090599999999,0.00765133999999999,0.0503824400000005,0.0367574799999998
"rm_na_matK",0.0136041600000001,0.0287841400000003,7.00000000000004e-08,0.00448397000000001,0.0230219300000001,0.00547646,0.0418200099999997,0.000289990000000001,0.23516382,0.0515977000000004,0.0224504400000001,0.11692638,0.0617297700000004,0.0476723100000003,0.18195112,0.15547139,0.0466683400000002,0.0295601899999997,0.00551145999999998,0.000561389999999996,0.0843770700000009,0.13342119,0.0326373099999998,0.11028341,0.0991092400000007,9.0000000000001e-08,0.00390012000000004,0.00442469,0.19487854,0.0629997099999998,0.0652333199999993,0.0595939799999995,0.0706153199999999,0.0886993199999993
"rm_na_ndhA",0.0108738200000001,0.0140215599999999,0.00380840999999999,0.00505283,0.00668963000000001,0.00725642999999999,0.0271300499999997,7.40000000000006e-07,0.1266475,0.0308870400000003,0.0133682200000001,0.0810862399999998,0.0383984100000004,0.0328946999999997,0.1020642,0.0914741099999993,0.0277918699999998,0.0128662099999999,0.0137351699999999,0.00505646000000003,0.0422810899999997,0.0803858200000003,0.0343139500000004,0.0766579499999992,0.0756781899999997,2.20000000000002e-07,0.00441061999999997,0.00558574999999999,0.13725187,0.01955605,0.0383656500000001,0.0401150199999998,0.03596774,0.0708974699999999
"rm_na_ndhB",0.00169091000000002,0.00619513000000002,0.000691780000000008,0.000525670000000001,0.00210666999999999,3.99999999999998e-08,0.00694211000000008,0.00037899,0.02011042,0.00510576999999995,0.00672514999999996,0.00892869999999999,0.00259516999999997,6.90000000000008e-07,0.0130510699999999,0.0113635200000001,0.00737276999999993,0.00246304000000003,0.000772739999999991,0.00242728000000003,0.00487840000000005,0.01231831,0.00128062000000001,0.0143440000000001,0.01332118,9.0000000000001e-08,0.000741380000000003,0.00163651,0.0115902599999999,0.00629176999999994,0.00380291999999998,0.00387517999999997,0.00470158999999996,0.0110247400000001
"rm_na_ndhC",0.00410068000000002,0.01430057,1.60000000000002e-07,4.30000000000003e-07,0.0244513799999999,6.19999999999994e-07,0.01360551,0.00130269000000001,0.0988641900000003,0.00431899000000001,0.02450279,0.0475642799999996,0.00664963999999996,0.01702614,0.0498371700000002,0.0670324399999998,0.00989401999999995,7.89999999999998e-07,0.0116032800000001,0.00554249000000002,0.0164959099999999,0.0334690400000001,0.0165181600000001,0.0308609299999998,0.0380301799999996,2.20000000000002e-07,3.99999999999998e-07,0.00375815999999998,0.0371358199999997,0.0200941600000002,0.0199877599999999,0.0138572999999999,0.01700507,0.0267365100000001
"rm_na_ndhD",0.00844515,0.0154202100000002,2.60000000000001e-07,0.00728100000000005,0.00673171999999997,0.00623625000000003,0.0282105199999999,0.00812548,0.16961466,0.02797365,0.0196614599999999,0.0701417800000001,0.0395220999999999,0.0272785800000001,0.10166747,0.0861831200000006,0.0251677200000001,0.01149048,0.0106270699999999,0.00313793000000001,0.0471079099999996,0.0925933699999993,0.0257229400000001,0.0805124099999992,0.0732370500000007,9.0000000000001e-08,0.00294897999999999,0.00768244999999991,0.11027143,0.0331124400000003,0.0513483199999999,0.0365412500000002,0.0445589099999997,0.0550625199999995
"rm_na_ndhE",0.00660251000000001,0.01075973,6.60000000000002e-07,0.00695133000000006,0.0330606800000001,0.0149467899999999,0.0155666700000001,1.66999999999999e-06,0.17498285,0.01273779,0.0279748699999997,0.0531194800000004,0.03122624,0.0473605900000002,0.11892939,0.0797916400000004,0.0276721899999999,0.01318125,0.00942833000000005,0.00860898999999999,0.0293123899999999,0.0911981499999998,0.0294380400000001,0.0763223099999996,0.094596059999999,7.30000000000007e-07,0.00486227999999998,4.19999999999999e-07,0.1182598,0.03001445,0.0525740999999994,0.0196040499999999,0.0305053699999999,0.0430484199999996
"rm_na_ndhF",0.01592487,0.0205505899999999,0.000845130000000006,0.00362544999999996,0.0195448400000002,0.00337666999999997,0.0221752300000002,0.0091741400000001,0.16977281,0.02445897,0.0325531900000001,0.0958614100000003,0.0511378799999996,0.0431380099999996,0.18093446,0.13855946,0.0340442199999999,0.02265296,0.00727985999999999,0.00426827000000005,0.0598522199999997,0.0810729899999995,0.0545044499999997,0.0829367200000006,0.0985340500000005,0.000994830000000002,0.00730603000000002,8.29999999999993e-07,0.18604009,0.05034094,0.0624243300000002,0.06696266,0.0627041299999998,0.10383037
"rm_na_ndhG",0.0105676099999999,0.00955892999999996,1.60000000000002e-07,2.60000000000001e-07,0.0222259699999998,2.50000000000001e-07,0.0419078599999997,0.0109344699999999,0.13302795,0.0339158699999997,0.0131430899999999,0.0696978899999995,0.05454049,0.0198179100000001,0.0980341500000011,0.0650841999999998,0.0185508499999998,0.0157862,5.30000000000001e-07,3.69999999999995e-07,0.0534012799999999,0.10045969,0.0418848800000001,0.0742992500000007,0.0688162599999998,1.40000000000001e-07,0.00556135000000005,4.40000000000002e-07,0.1668536,0.0326614000000001,0.0613320899999993,0.0434247800000002,0.0334407900000002,0.0689009499999996
"rm_na_ndhH",0.00824992000000008,0.0148501,0.00134266999999999,0.00553378999999997,0.00773662999999998,0.00295173999999998,0.0248430499999997,0.00796494000000005,0.14310493,0.0225447100000001,0.00518566,0.0837782200000005,0.0466158000000004,0.0265214000000002,0.0776498399999999,0.1037441,0.01844441,0.00985819000000005,0.0104822700000001,0.00240921999999998,0.0454245600000005,0.0712242599999995,0.0248070599999998,0.0670321900000006,0.0691204600000002,3.90000000000001e-07,1e-07,1.49999999999999e-07,0.0853673099999995,0.0346905500000001,0.0395319099999997,0.0238992799999998,0.0295395199999998,0.0537895799999995
"rm_na_ndhI",0.00779475999999994,0.00257406999999999,0.00063577,2.05999999999998e-06,0.01442381,0.00534698000000004,0.0276992200000002,5.99999999999995e-07,0.0811721799999992,0.0247720300000001,0.00608030999999998,0.0795509300000002,0.0382790800000001,0.0253506899999997,0.0701352999999998,0.0678920399999999,0.0252748500000001,0.01396688,0.00200525000000002,1.9e-07,0.0341727400000002,0.0749650799999999,0.0288460900000003,0.0470172399999996,0.0563534600000001,0.00304778000000003,1.60000000000002e-07,0.00123239999999999,0.0925425500000004,0.0136048299999999,0.0444771199999999,0.02068658,0.0297233300000003,0.0508219599999997
"rm_na_ndhJ",0.00804219999999998,0.0113005100000001,1.60000000000002e-07,1.69999999999998e-07,0.0196782499999999,0.000203939999999998,0.0166420400000001,0.00353303999999997,0.14594181,0.00951292999999996,0.0159439399999999,0.0478320399999999,0.0172477899999999,0.0139376000000001,0.0537979700000001,0.0622484099999996,0.0263906600000003,0.0176158000000001,0.0106408699999999,9.2000000000001e-07,0.0291780799999999,0.0799523400000003,0.0211543200000002,0.0446353599999996,0.0610565399999999,1.40000000000001e-07,0.00817386999999992,0.00163023000000002,0.0945591799999999,0.01555192,0.0340285799999997,0.02082725,0.0286337600000001,0.0524352600000003
"rm_na_ndhK",0.00719105999999993,0.01182902,0.00136879999999999,1.69999999999998e-07,0.00708336999999998,0.00882896999999994,0.0207991900000002,0.00188045000000001,0.10304627,0.0245781599999998,0.0134988599999999,0.0604460199999995,0.03140719,0.0186267000000001,0.0623344699999998,0.0767509200000007,0.0188612999999998,0.00762599999999997,1.49999999999999e-07,1.30000000000001e-07,0.0344342100000001,0.0487038000000005,0.0164730600000001,0.0565666499999997,0.0452772899999999,2.20000000000002e-07,0.00501778999999994,0.00500199000000002,0.10125819,0.0147558599999999,0.0357648699999996,0.0223992999999999,0.02197706,0.0468858199999996
"rm_na_petA",0.00974104999999993,0.0108249199999999,0.00134150000000001,0.00446703999999995,0.0162543799999999,8.10000000000001e-07,0.0239183999999998,7.99999999999994e-08,0.0982078599999997,0.0189939000000002,0.01139294,0.0551487499999996,0.0204293799999998,0.03299601,0.10763554,0.07136376,0.0198046099999998,0.0133880999999999,0.00432317000000001,0.00897769000000011,0.0216701799999998,0.0556974100000002,0.0160584800000001,0.0476687800000001,0.0631058000000001,2.01999999999998e-06,0.00410140999999999,0.00229224999999999,0.11615558,0.02306497,0.0243794900000001,0.0309035100000002,0.0688013399999993,0.0635117699999999
"rm_na_petB",0.00675121999999996,0.00909839000000003,0.00185897999999999,0.00214788000000001,0.0220549100000001,0.00206544999999999,0.0145060000000001,1.30000000000001e-07,0.0818882500000005,0.01668271,0.0173708500000001,0.0636206600000003,0.0191841,0.0221924699999999,0.0623784200000002,0.0516671699999995,0.0178206300000002,0.00535610999999999,0.0103574099999999,1.30000000000001e-07,0.0113835200000001,0.0438637199999998,0.0176647899999998,0.0445101599999996,0.0387629799999999,0.00142462,2.50000000000001e-07,3.40000000000004e-07,0.0919728700000006,0.0226237499999998,0.02278211,0.0139154400000001,0.0176575899999999,0.0440180200000003
"rm_na_petD",0.00524199000000005,0.00452729,0.00256542000000003,0.00623856999999997,0.01165784,1.9e-07,0.0190073100000001,0.00385273000000002,0.0944053799999998,0.02297558,0.01972632,0.0533298699999999,0.0310599700000001,0.0341258200000003,0.07690651,0.0548387499999998,0.00960235999999998,0.00716156000000001,0.00200634999999998,0.00531445999999994,0.03441547,0.0434513000000003,0.0149098899999999,0.0387365500000003,0.0412675199999997,2.20000000000002e-07,0.0065184,0.0148310600000002,0.0516738799999995,0.0114809600000001,0.0474302799999997,0.01815415,0.02502315,0.0341778500000001
"rm_na_petG",0.00637685000000006,0.00375993999999998,6.60000000000002e-07,6.70000000000005e-07,0.00735154999999993,5.40000000000002e-07,0.00779919999999997,3.30000000000002e-07,0.0361778099999998,0.0353445999999998,5.89999999999995e-07,0.0163173600000001,0.00761465999999995,0.0154775300000001,0.0336629799999997,0.0459630599999995,0.00825696000000009,0.00796924999999995,6.70000000000005e-07,0.00499669999999995,0.0380759700000003,0.0268250000000001,0.00726518000000008,0.0337507100000003,0.0315182300000003,3.50000000000004e-07,6.40000000000004e-07,3.40000000000004e-07,0.0637174599999996,0.01496104,0.00715454000000006,0.0300578100000003,0.0199589099999999,0.04157713
"rm_na_petL",0.00467785999999996,7.89999999999998e-07,0.0220557499999998,6.70000000000005e-07,0.0736058799999992,8.70000000000003e-07,0.0111764200000001,0.0113077899999999,0.0487465300000005,6.10000000000004e-07,5.89999999999995e-07,0.0351725300000002,0.0231253399999998,0.01105781,0.0472707600000002,4.80000000000003e-07,6.70000000000005e-07,7.89999999999998e-07,0.01056586,0.0242892999999997,0.01524525,0.0216992500000002,0.0120419299999999,0.01098126,0.0246667499999998,5.69999999999998e-07,6.40000000000004e-07,6.80000000000006e-07,0.0573166099999994,0.0218118400000002,0.01077309,0.0333019600000003,5.89999999999995e-07,0.0304996799999998
"rm_na_petN",0.00320648000000003,7.89999999999998e-07,6.60000000000002e-07,6.70000000000005e-07,6.29999999999998e-07,8.70000000000003e-07,5.80000000000004e-07,5.20000000000001e-07,0.0670622499999994,0.0119925900000001,1.53e-06,0.05352303,0.0115107599999999,0.01151075,0.0479271699999996,0.03805473,0.0114097700000001,7.89999999999998e-07,1.57999999999999e-06,8.39999999999997e-07,0.0118372599999999,0.0525699800000003,0.0356679000000003,0.0246586099999998,0.0248442800000002,5.69999999999998e-07,6.40000000000004e-07,1.74999999999998e-06,0.0378343799999999,0.0232216899999999,0.0240927599999999,0.0234162400000002,0.0258120099999999,0.0209062799999998
"rm_na_psaA",0.00640929999999998,0.0100439099999999,0.000243009999999998,0.000571639999999996,0.0137215599999999,0.00177557000000002,0.01806732,0.00299913999999997,0.06113888,0.02367772,0.00573924000000002,0.0380043300000003,0.0203905,0.0180744799999999,0.0531625400000006,0.0481725299999995,0.0186017899999999,0.00827302000000006,0.00119306,0.00333467000000001,0.0299019600000002,0.0422882599999998,0.0122155499999999,0.0402145100000003,0.0456976199999997,0.000629499999999998,0.00115895,0.00392952000000004,0.0639678799999999,0.0148612399999999,0.0264920299999999,0.0271182899999997,0.0183531699999999,0.0417887399999997
"rm_na_psaB",0.00629853999999999,0.00953469999999999,0.00169096999999998,3.09999999999998e-07,0.01218676,0.00247786999999998,0.0119698900000001,0.00123354999999999,0.0639523400000003,0.0144927799999999,0.00326833999999996,0.0440550499999997,0.0286542099999997,0.0180077500000001,0.04809656,0.0498238399999998,0.01197101,0.00581030999999995,0.00248603999999998,0.00140184999999999,0.0241420699999999,0.0443376800000004,0.0159518699999999,0.0523955499999994,0.0545319899999997,3.69999999999995e-07,0.00309951,0.00132261999999999,0.0578806200000002,0.0176501300000001,0.0201278999999999,0.0170575999999998,0.0221742199999998,0.0410665799999996
"rm_na_psaC",0.0149387100000002,0.0121818900000001,0.01330414,0.00730676000000003,1.05e-06,0.00655203999999996,0.0186032800000002,0.00022161,0.10729477,0.0169962399999999,3.69999999999995e-07,0.0632789499999993,0.0386987,0.0287949,0.0967261600000001,0.096083439999999,0.0228894100000001,0.0244665199999999,3.8e-07,5.40000000000002e-07,0.0476453299999995,0.0688184400000001,0.00522691000000001,0.0792674899999992,0.0756129299999996,5.69999999999998e-07,6.40000000000004e-07,0.00442262000000003,0.0986671799999993,0.0144562199999999,0.0320848500000001,0.0351401200000003,0.0172937599999999,0.0974006000000009
"rm_na_psaI",0.00408150000000001,0.0196901699999999,6.60000000000002e-07,0.00791294000000008,1.63000000000001e-06,8.49999999999995e-07,0.0282264500000001,0.0198801099999998,0.0501455000000002,0.0888416800000004,0.01580596,0.0795606500000007,0.0449682499999996,0.25488806,0.0926966500000003,0.0712116299999996,0.0186797000000001,4.89999999999996e-07,6.10000000000004e-07,5.20000000000001e-07,0.0093336400000001,0.0496425699999999,3.8e-07,0.10366709,0.0291593299999997,5.30000000000001e-07,0.00860279000000006,0.01006908,0.0706946499999997,4.30000000000003e-07,0.0749108300000003,0.0186368400000002,0.00923526999999993,0.0266114300000003
"rm_na_psaJ",0.00762961000000001,4.89999999999996e-07,0.0154030099999998,3.8e-07,1.63000000000001e-06,0.00594096999999994,0.0271310500000002,0.00736019999999997,0.10052568,3.8e-07,0.03381783,0.0172934299999998,0.0334918199999998,0.0340366399999998,0.0514637500000006,0.05960286,0.0536687399999997,4.89999999999996e-07,3.8e-07,3.30000000000002e-07,0.0348567000000003,0.05126663,0.00944420999999994,0.11663981,0.0328953699999996,5.69999999999998e-07,3.99999999999998e-07,4.19999999999999e-07,0.0582444100000005,0.01466822,0.0244375699999997,0.0233501999999998,0.03113774,0.0497451699999995
"rm_na_psbA",0.00489900999999997,0.00406662999999996,0.00111013999999999,0.00720255999999998,0.00772036000000004,0.00164449000000002,0.00475581000000004,0.00182437,0.0656968399999999,0.0212318899999999,0.00881207999999995,0.0361599399999997,0.02029419,0.01490627,0.0447974700000003,0.0438194100000003,0.0175938600000002,0.00438432000000001,0.00185426000000002,0.00343198000000001,0.0222796000000001,0.0418628299999996,0.01301219,0.0419256400000004,0.0377794200000003,1.40000000000001e-07,0.000728879999999998,0.00972780999999992,0.0444667999999995,0.0228826099999999,0.0295586400000001,0.0257250800000001,0.0255132100000002,0.0319416400000002
"rm_na_psbB",0.00833879000000004,0.0102132,1.962e-05,0.00208250000000002,0.0146681600000001,0.00109438000000001,0.0142546600000002,0.00380711999999997,0.0936163599999999,0.01369162,0.0152917899999999,0.0361626800000001,0.0263897199999999,0.01875703,0.0673773000000004,0.0553432699999998,0.0116301799999999,0.0164731999999999,0.0012293,0.000912160000000006,0.0388599100000003,0.0442878400000004,0.0131629200000001,0.0539545799999994,0.0552353800000003,0.00175913,0.00272236999999999,0.000929560000000003,0.0846814200000001,0.0255027600000001,0.0242935400000001,0.0189782099999998,0.0264849800000002,0.0543690200000001
"rm_na_psbC",0.00600079999999997,0.00523595999999996,2.10000000000001e-07,1.69999999999998e-07,0.00842576999999997,0.000692249999999996,0.0165498,0.000774680000000006,0.0786796100000003,0.0141916499999999,0.0101355299999999,0.0409209800000002,0.0218579399999998,0.0119454499999999,0.0694757500000002,0.0578348900000002,0.0112942500000001,0.00642815999999997,0.00893905999999991,0.000225640000000002,0.0269303300000002,0.0552182600000005,0.0173580099999999,0.0624679200000001,0.0553145199999996,7.99999999999994e-08,0.00143753000000001,0.000616550000000004,0.0864538600000005,0.0161651700000001,0.0264504600000001,0.0182530600000001,0.0217521300000001,0.0391253199999997
"rm_na_psbD",0.00407879999999996,5.99999999999995e-07,0.00138003999999999,0.000844349999999993,0.00581371000000005,0.00135352999999998,0.01047547,7.99999999999994e-08,0.0465204099999999,0.0172138899999999,0.00687771000000001,0.0297472199999999,0.0246715500000001,0.0121030099999999,0.0498242600000005,0.0403956300000001,0.00708506000000008,0.00545655999999998,0.00369825000000002,0.00378804999999997,0.0205749600000002,0.0426338399999995,0.0154833699999999,0.0417519299999999,0.0417993799999996,9.0000000000001e-08,0.0011467,0.00136912000000001,0.05852938,0.0197629,0.0197689300000001,0.0124381699999999,0.0206078700000001,0.0265938599999999
"rm_na_psbE",0.00919905999999997,0.00387109000000002,6.60000000000002e-07,0.00360548000000002,0.00563319000000006,5.59999999999999e-07,0.00450172999999999,2.10000000000001e-07,0.0382009199999996,0.0039884,0.00295848,0.0195981600000002,0.0178705699999999,0.00356975999999999,0.0625953899999996,0.0463323599999997,0.00758514,0.00943770999999997,0.00701592999999996,3.30000000000002e-07,0.0231591900000002,0.03874613,0.00937036999999999,0.03692026,0.0277525899999998,2.20000000000002e-07,0.00504454000000002,6.80000000000006e-07,0.0208517599999998,0.0172027299999998,0.0351030999999998,0.0207276000000002,0.03134612,0.0599779700000002
"rm_na_psbF",0.000857930000000001,0.0187771899999999,6.60000000000002e-07,6.70000000000005e-07,6.29999999999998e-07,5.40000000000002e-07,5.80000000000004e-07,5.20000000000001e-07,0.0450107600000004,0.0164138100000002,5.89999999999995e-07,0.0537647000000003,5.40000000000002e-07,0.00806291999999997,0.0384312,0.0277429000000001,5.89999999999995e-07,4.89999999999996e-07,6.10000000000004e-07,5.20000000000001e-07,0.00812448999999991,0.0343382700000001,0.0344324900000001,0.0166035099999998,0.01673057,5.69999999999998e-07,6.40000000000004e-07,6.80000000000006e-07,0.00891832999999991,0.0338033499999997,0.0164290599999998,0.0353113,0.0394889100000002,0.00559370999999995
"rm_na_psbH",0.00662766999999995,0.0301386000000003,0.00241117999999998,6.80000000000006e-07,0.0117690400000001,3.40000000000004e-07,0.00936934999999997,5.20000000000001e-07,0.090230170000001,0.0448693199999999,0.0479018400000001,0.0410527199999997,0.0293560899999998,0.0150513599999999,0.15614833,0.0768224699999999,0.0281115900000001,0.0292399500000003,6.29999999999998e-07,0.00848854999999993,0.0439296099999995,0.0487445499999999,0.00495797000000002,0.0580503599999995,0.05850646,0.0100098599999999,3.99999999999998e-07,0.01343862,0.10400638,0.0344184300000003,0.0645046900000006,0.0417912299999997,0.0147750200000001,0.0432124800000003
"rm_na_psbI",0.0129976099999999,0.01081199,6.60000000000002e-07,6.70000000000005e-07,6.29999999999998e-07,5.40000000000002e-07,0.0096778599999999,5.20000000000001e-07,0.11711216,6.10000000000004e-07,0.01030183,0.02008221,0.0318896599999997,0.00952178999999991,0.0647680600000001,0.0200597200000002,0.0102189799999999,4.89999999999996e-07,6.10000000000004e-07,0.00804401999999997,0.0468195899999998,0.0244575599999999,0.0543339999999996,0.10281165,0.0776734999999998,5.69999999999998e-07,6.40000000000004e-07,6.80000000000006e-07,0.0195391100000001,6.80000000000006e-07,0.0193660100000002,0.00967428000000002,0.00876893000000009,0.0847445699999993
"rm_na_psbJ",0.00567699000000006,0.0407781599999998,6.60000000000002e-07,0.00886954000000001,6.29999999999998e-07,4.89999999999996e-07,0.0407200499999999,0.0100626000000001,0.0496225700000003,6.10000000000004e-07,5.89999999999995e-07,0.0321831000000003,5.40000000000002e-07,6.90000000000008e-07,0.10910819,0.00911489999999994,0.00887747999999998,0.0102863200000001,0.02098432,0.0260154300000001,9.50000000000006e-07,0.0553079599999997,0.01885685,0.0647250100000003,0.0323231600000003,5.69999999999998e-07,0.00855512999999994,0.01192748,0.0992623900000001,0.00604209999999996,0.0192557799999999,5.30000000000001e-07,0.0259625799999998,0.0370140499999999
"rm_na_psbK",0.00704710000000002,0.0138192100000001,0.000178149999999998,3.50000000000004e-07,3.90000000000001e-07,8.70000000000003e-07,0.0250107300000002,3.30000000000002e-07,0.17650472,0.0263159099999999,3.69999999999995e-07,0.0497943900000002,0.0226705299999999,0.0358871499999998,0.13160115,0.10944619,0.0444715599999996,0.00218538999999999,0.00157076,0.0295796499999997,0.00534692999999999,0.0712865600000002,0.0513447399999997,0.10142262,0.0717706399999997,3.50000000000004e-07,0.00555221000000004,6.80000000000006e-07,0.0486581299999999,0.00557718,0.0229504200000002,0.0352044199999997,0.00873973999999995,0.0459471699999996
"rm_na_psbL",0.00326193999999998,7.89999999999998e-07,6.60000000000002e-07,6.70000000000005e-07,6.29999999999998e-07,5.40000000000002e-07,5.80000000000004e-07,3.30000000000002e-07,0.0715107100000006,6.10000000000004e-07,5.89999999999995e-07,6.29999999999998e-07,5.40000000000002e-07,0.02503329,0.0375650900000002,0.0380828399999999,0.02599615,0.0144151499999999,6.10000000000004e-07,5.20000000000001e-07,0.01277578,0.0289984900000001,5.99999999999995e-07,0.04299321,0.0430918999999999,5.69999999999998e-07,0.0113633000000001,6.80000000000006e-07,0.0241216900000001,0.0382428700000004,1.72e-06,0.0383952799999996,0.01248823,0.0212678899999999
"rm_na_psbM",0.00280021999999999,0.0210661999999999,6.60000000000002e-07,6.70000000000005e-07,0.0102122200000001,8.70000000000003e-07,6.90000000000008e-07,8.39999999999997e-07,0.12504617,0.0326633499999997,0.03466706,0.0695558500000001,0.02273164,0.00933878000000004,0.0446701900000003,0.01991254,5.89999999999995e-07,7.89999999999998e-07,6.10000000000004e-07,5.20000000000001e-07,0.0204598299999998,0.00975271999999994,0.00977057999999989,0.0295883400000002,0.0452668700000002,5.69999999999998e-07,0.00952684000000002,6.80000000000006e-07,0.0557702999999995,6.80000000000006e-07,0.01893231,0.0204022000000001,0.0092651500000001,0.01825749
"rm_na_psbN",0.00853972,4.89999999999996e-07,0.00782019000000006,6.70000000000005e-07,0.01607322,5.40000000000002e-07,5.80000000000004e-07,0.00779886999999995,0.0533322499999996,6.10000000000004e-07,0.0241917400000001,0.00764545999999996,5.40000000000002e-07,0.0160324399999998,0.0348331700000001,0.0361934899999998,5.89999999999995e-07,0.00784137999999996,6.10000000000004e-07,5.20000000000001e-07,5.89999999999995e-07,0.0336142100000002,5.99999999999995e-07,0.0246159699999999,0.0345027300000002,5.69999999999998e-07,6.40000000000004e-07,6.80000000000006e-07,0.0648231399999998,4.30000000000003e-07,0.0347876699999997,5.30000000000001e-07,0.00785678000000002,0.0556790599999997
"rm_na_psbT",0.00380548000000001,0.00969050000000005,6.60000000000002e-07,6.70000000000005e-07,0.00968196000000007,0.00927400999999996,0.00935976999999998,5.20000000000001e-07,0.14054231,6.10000000000004e-07,5.89999999999995e-07,0.0550295700000001,0.0422595499999996,4.30000000000003e-07,0.0850403600000006,0.06225236,0.00786009000000006,0.0211204199999998,0.00142975,8.39999999999997e-07,0.01108405,0.0426470400000001,5.99999999999995e-07,0.0185199499999999,0.02474018,6.70000000000005e-07,6.40000000000004e-07,1.48000000000001e-06,0.14910245,0.03885871,0.0186667499999999,0.0284751299999997,0.00888814000000005,0.02481176
"rm_na_psbZ",0.00993536999999999,0.00862901000000008,4.10000000000004e-07,4.19999999999999e-07,3.90000000000001e-07,0.01664427,3.60000000000003e-07,3.30000000000002e-07,0.0621586500000006,0.0223728200000002,0.01075527,0.0357387999999998,0.0119004299999999,0.01098359,0.0228767600000001,0.0356090600000001,0.00564015000000004,0.00535471,3.8e-07,0.0163630800000001,0.0315901100000001,0.05029138,3.8e-07,0.0229197700000002,0.0169198400000002,3.50000000000004e-07,4.15999999999997e-06,4.19999999999999e-07,0.10266692,0.0282278899999998,0.0552227199999995,0.0166732799999999,0.0209679299999998,0.0647787199999995
"rm_na_rbcL",0.00626938999999993,0.00844184999999994,0.00489219999999999,0.00670728000000004,0.01317445,0.00285689999999997,0.0166716600000002,0.00143599,0.0915313599999996,0.0204025099999999,0.00557447999999999,0.0798520199999999,0.0245088899999999,0.01591505,0.0663417799999996,0.0605876199999994,0.0243974400000001,0.0117958300000001,0.00309755,0.00284885999999998,0.0372437400000001,0.0504130299999996,0.0242771799999998,0.0608830500000001,0.0510455500000005,0.00125922,2.70000000000001e-07,4.49999999999997e-07,0.0962351999999994,0.0256665700000002,0.0282933899999999,0.02297944,0.0295446200000003,0.04087653
"rm_na_rpl14",0.00561164,0.0205941500000002,1.49999999999999e-06,1.69999999999998e-07,0.0065212,2.10000000000001e-07,0.0254575100000002,3.30000000000002e-07,0.0799224000000001,0.0214409400000002,0.01716668,0.0376340300000003,0.0269847100000001,0.01229188,0.0745998999999994,0.0592610700000004,0.0100368399999999,0.0248323299999997,2.40000000000002e-07,0.00687665000000005,0.0298253100000003,0.03768697,0.00897899000000004,0.0668114400000005,0.0984090299999997,0.00487089000000004,0.00195397,3.47999999999999e-06,0.093726110000001,0.0215975099999999,0.0508210899999995,0.02856443,0.0119860100000001,0.0365879600000002
"rm_na_rpl16",0.01183007,0.00205340000000002,1.60000000000002e-07,0.0144175799999999,0.00950379999999994,8.10000000000001e-07,0.0478010000000001,0.0176215300000001,0.13935625,0.0187786199999998,0.00868027999999993,0.0820364500000005,0.0405615700000001,0.0222211099999998,0.0812362399999991,0.0714103099999995,0.0218917300000001,0.0107263100000001,0.00158859999999999,7.24999999999993e-06,0.0654241899999995,0.0896451600000002,0.0233385,0.0776186399999993,0.0554958199999994,1.40000000000001e-07,2.50000000000001e-07,3.50000000000004e-07,0.12145051,0.0265494500000001,0.0326222400000003,0.0364270400000002,0.0216393800000001,0.0771322400000009
"rm_na_rpl2",0.00207659999999999,0.00686263000000004,1.10000000000001e-07,0.00121562000000001,0.00770616999999994,0.00507999,0.00683802000000001,7.99999999999994e-08,0.0348627699999998,0.00881381999999993,0.00248294,0.00374185999999996,0.00914083000000006,0.0172719499999999,0.0211394900000001,0.0222395999999998,0.00759477999999993,1.20000000000002e-07,1e-07,0.00099002000000001,0.00797696000000007,0.00924911999999999,0.00252757000000002,0.0191870200000001,0.0225708099999998,5.99999999999995e-08,1e-07,1.10000000000001e-07,0.0263344400000002,0.01278543,0.0152988900000001,0.00630352999999996,0.0349817100000003,0.01353949
"rm_na_rpl20",0.01269164,1.02000000000001e-06,6.40000000000004e-07,2.60000000000001e-07,0.0186458799999999,0.00266907999999997,0.0362547299999998,5.20000000000001e-07,0.1785444,0.0246026400000003,0.0141363599999998,0.0407085499999997,0.0398373400000004,0.0124814300000001,0.0990434199999997,0.0684829500000004,0.0326832600000001,0.00612256999999993,0.0110810499999999,5.20000000000001e-07,1.49999999999999e-07,0.0951492600000005,0.0459477399999999,0.0834514999999998,0.0637156499999996,1.47000000000001e-06,1.60000000000002e-07,2.60000000000001e-07,0.10294205,0.0356775700000002,0.0522106699999995,0.0283886699999998,0.0798186200000004,0.0827496700000006
"rm_na_rpl22",0.0147561500000001,0.0405189899999998,7.89999999999998e-07,6.70000000000005e-07,0.0429772300000001,0.00722215999999992,0.0112115700000001,0.00248624999999999,0.17659114,0.0360032099999999,0.0301665499999997,0.0720509799999999,0.0405658099999999,0.0321042400000003,0.0901544899999994,0.11338867,0.0415249999999998,0.00664653000000002,0.0257164100000001,1.15e-06,0.0509975500000003,0.15702032,0.0358072800000001,0.0837606800000006,0.1154512,1.9e-07,0.01167314,2.60000000000001e-07,0.16573419,0.0621538900000002,0.0414420400000005,0.0932421199999997,0.0512177999999996,0.0962102899999996
"rm_na_rpl23",0.00215235000000001,3.09999999999998e-07,2.60000000000001e-07,2.60000000000001e-07,0.00397909999999999,1.40000000000001e-07,0.00397791999999999,1.30000000000001e-07,0.02071788,2.40000000000002e-07,0.00400764000000002,0.00411463,0.00816724000000009,0.00393588000000003,0.00785396000000008,0.0292206800000003,2.29999999999999e-07,3.09999999999998e-07,2.40000000000002e-07,1.30000000000001e-07,0.01654254,0.0122612900000001,2.40000000000002e-07,0.00800379000000001,0.00426687000000002,1.40000000000001e-07,0.00398075000000004,2.60000000000001e-07,0.0205621400000002,2.70000000000001e-07,0.00424829999999996,0.0426976200000001,0.0612929200000004,0.01403333
"rm_na_rpl32",0.00765719000000002,2.04000000000001e-06,1.63000000000001e-06,3.35000000000004e-06,0.0428327299999999,0.00893727999999993,0.0576228899999998,1.35000000000001e-06,0.0762503100000002,0.0331920400000001,1.53e-06,0.0993913800000005,0.0684112599999997,0.0571130699999995,0.17951308,0.14557038,0.0936743899999998,0.02325754,9.80000000000013e-07,1.35000000000001e-06,0.04267773,0.0688682300000006,0.0721656599999996,0.0932974399999992,0.0431057900000001,1.98e-06,2.69000000000001e-06,0.00012197,0.19076895,0.0775681100000001,0.0654710699999993,0.0398638900000005,0.03202429,0.049925
"rm_na_rpl33",0.00882263000000005,0.0122199899999999,0.00475104999999995,6.70000000000005e-07,0.0168514399999999,0.000822379999999998,0.0343280399999996,3.30000000000002e-07,0.12739506,0.0106480799999999,0.01542426,0.0701026600000003,0.0220169999999999,0.0325897500000002,0.0706803200000004,0.0535092899999995,0.0444445599999997,7.89999999999998e-07,3.8e-07,5.20000000000001e-07,0.02804751,0.0875200500000002,0.0130852900000001,0.0759866499999999,0.0650662600000005,3.50000000000004e-07,0.00920190999999992,1.10000000000001e-06,0.12676647,0.0391556300000002,0.0737501499999995,0.0381929199999999,0.10746287,0.0575236800000003
"rm_na_rpl36",0.00593738999999994,0.0211893600000002,0.0108785799999999,6.70000000000005e-07,6.29999999999998e-07,0.0320985500000002,3.60000000000003e-07,5.20000000000001e-07,0.0681371400000002,6.10000000000004e-07,0.0133573799999999,0.0809260600000002,0.0447701499999996,0.0212978600000001,0.0936299100000007,0.0353313500000002,0.0348714900000003,4.89999999999996e-07,6.10000000000004e-07,5.20000000000001e-07,0.0697400999999999,0.0551101600000001,0.0105412099999999,0.08084299,0.03203261,9.09999999999993e-07,6.40000000000004e-07,1.08999999999999e-06,0.16375102,0.0442918400000002,0.0204502999999998,0.0421367200000001,0.02260386,0.0387118500000002
"rm_na_rpoA",0.01070387,0.01560243,0.00287863999999998,0.00135093000000001,0.0315190100000003,0.00996505999999995,0.0276347800000003,0.00342524999999999,0.10662115,0.02327229,0.0163784500000002,0.0711360000000005,0.0471018700000005,0.03960747,0.0787316299999992,0.0883145399999998,0.0330438399999999,0.0175961000000001,0.00553239999999994,0.000231229999999998,0.0447909400000003,0.0728017100000001,0.0235707599999999,0.0578726100000005,0.0603095099999996,3.50000000000004e-07,0.00204809000000001,0.00857623999999996,0.10487047,0.0396967899999999,0.0579043700000006,0.0467109899999999,0.0357180299999998,0.0697893399999992
"rm_na_rpoB",0.00733116000000003,0.00842451000000003,0.00148108000000001,0.000422549999999995,0.01390347,0.00364269000000001,0.0158918400000001,0.000810959999999996,0.10218432,0.0186959800000001,0.00800644999999993,0.0521637400000004,0.0315469399999998,0.0256254699999999,0.0654333100000004,0.05790926,0.0162084800000002,0.00796531999999996,0.00433169000000001,0.00185892,0.0219792799999998,0.04957964,0.0182039599999999,0.0521588100000001,0.0550375900000005,5.99999999999995e-08,0.00110196999999999,0.00472001999999995,0.0788966000000001,0.0185834999999998,0.0377077800000004,0.0263020699999998,0.0300498800000002,0.0477992800000004
"rm_na_rpoC1",0.00714076999999994,0.0155519,0.000917140000000005,0.00114776000000001,0.0168341600000001,5.99999999999995e-08,0.02185792,0.000927879999999995,0.087011639999999,0.0195221500000002,0.01119044,0.0561940300000003,0.0301879699999997,0.0195776300000002,0.0806278199999994,0.0595455399999999,0.0167934500000001,0.00844955000000001,0.00762403,0.00217313000000002,0.0288740099999998,0.0572140999999994,0.0194163300000001,0.0688369400000001,0.0586568200000007,7.89999999999998e-07,0.00204416999999998,0.00598172999999995,0.0695339300000003,0.02334817,0.0323468800000003,0.0241468999999999,0.03495607,0.0465579100000001
"rm_na_rpoC2",0.01061519,0.01459552,2.40000000000002e-07,0.000565210000000003,0.0184617,0.00104554000000001,0.0259864099999998,0.00153972999999998,0.13664821,0.0251555700000002,0.01146318,0.0739612699999993,0.0370794199999998,0.0361228700000002,0.0924587999999996,0.0815152600000006,0.0283022599999999,0.0178619799999998,0.00454450999999995,0.00401143999999996,0.03748707,0.0732199499999993,0.0216204100000001,0.0854040799999993,0.0643192900000001,1.35799999999999e-05,0.00537746999999995,0.00222811999999998,0.13699272,0.02901614,0.0362377200000002,0.0308307600000003,0.0433867699999998,0.0692111499999999
"rm_na_rps11",0.01459271,0.0157551500000002,0.00231659000000001,0.00451004999999999,0.00175680000000001,0.0112793699999999,0.0215784600000002,1.30000000000001e-07,0.10536657,0.0202827999999998,0.01238837,0.0882620199999992,0.0313650300000002,0.0219133599999998,0.11998272,0.0741044900000001,0.0242686100000003,0.0215978300000001,0.00360538000000001,0.01381451,0.0299793100000002,0.0609121899999998,0.0227601100000001,0.0665161699999993,0.0819435799999995,1.40000000000001e-07,0.00347269000000003,0.00102116,0.08580763,0.0204778200000002,0.0603568100000007,0.0496040199999997,0.02407025,0.0951446900000006
"rm_na_rps12",0.00124840000000001,0.00796245000000002,4.10000000000004e-07,4.19999999999999e-07,3.90000000000001e-07,3.40000000000004e-07,0.0172307999999998,3.30000000000002e-07,0.0258549499999997,0.0710027600000004,9.50000000000006e-07,0.0172685,5.40000000000002e-07,0.0718179299999999,0.0977219799999999,0.0364487600000003,0.00848288000000001,7.89999999999998e-07,3.8e-07,3.30000000000002e-07,3.69999999999995e-07,6.40000000000004e-07,5.99999999999995e-07,6.19999999999994e-07,0.00854460999999995,3.50000000000004e-07,3.99999999999998e-07,6.80000000000006e-07,0.0181903100000001,6.80000000000006e-07,0.0845335900000002,0.0789068899999996,0.11598912,0.00813955000000009
"rm_na_rps14",0.00451233999999995,0.00555674000000006,2.60000000000001e-07,0.00730202999999997,0.0156292400000002,3.40000000000004e-07,0.00824026000000006,0.000825339999999997,0.0849957499999997,0.0199702800000002,0.00957511000000008,0.0285758800000001,0.0282941799999999,0.03841667,0.0490625100000001,0.038738,0.0182478299999999,0.0137141800000001,0.00393038000000003,0.00478519,0.0245536399999999,0.0571345099999996,0.0107251300000001,0.0426354699999996,0.0579751699999995,2.20000000000002e-07,0.00745021000000002,0.0085011599999999,0.0707653999999996,0.0168158199999999,0.0538984299999995,0.0215083799999999,0.0262233200000002,0.0294204999999999
"rm_na_rps15",0.0170602899999999,0.00910255999999994,4.10000000000004e-07,0.00207876000000002,0.01747103,8.89999999999994e-07,0.00287066,0.00459720999999995,0.13203189,0.0365518999999998,0.01545021,0.0991874600000009,0.0979833799999995,0.0487424699999996,0.10882817,0.0736354499999993,0.0367556499999998,0.0086031499999999,0.00440274000000001,1.89699999999999e-05,0.0576379900000001,0.13956467,0.0551247400000003,0.0839280199999992,0.0673804300000005,3.50000000000004e-07,0.00615425000000004,6.29999999999998e-07,0.12595746,0.0325546100000002,0.04719722,0.0389702400000004,0.0551851300000003,0.11123332
"rm_na_rps16",0.0130130899999999,0.0143824,8.60000000000005e-07,3.69999999999995e-07,3.90000000000001e-07,0.00141419000000001,0.0298703199999998,3.30000000000002e-07,0.30929823,0.0191395300000001,0.01982872,0.0396373499999997,0.00788719000000005,0.0443203799999996,0.11995202,0.0981412300000003,0.0207815400000002,0.0193938300000001,0.01609389,0.00648927999999993,0.0467512400000002,0.12488298,0.0525885899999998,0.0725937799999995,0.0684400599999994,3.50000000000004e-07,6.40000000000004e-07,4.19999999999999e-07,0.12337816,0.0517785299999996,0.0671425899999994,0.0205979600000001,0.02952992,0.0848455099999999
"rm_na_rps18",0.00362041999999997,7.89999999999998e-07,6.60000000000002e-07,6.70000000000005e-07,3.90000000000001e-07,3.40000000000004e-07,0.0276195800000002,3.30000000000002e-07,0.0399521600000004,0.02688439,5.89999999999995e-07,0.03536104,0.01054423,0.00518364000000002,0.0274541700000003,0.0282600899999998,0.00540946999999994,1.08999999999999e-06,0.00569816,3.30000000000002e-07,0.0109805700000001,0.0751272100000003,0.02151368,0.0636201899999994,0.0166104299999999,3.50000000000004e-07,3.99999999999998e-07,6.80000000000006e-07,0.03268029,0.0163050599999999,0.0158152399999999,0.0218505100000001,0.01063199,0.02360521
"rm_na_rps19",0.01417051,0.0132125700000002,1.07e-06,1.53999999999999e-06,0.0249842899999998,0.0269028000000002,0.0480687500000002,3.30000000000002e-07,0.15312577,0.00789580000000007,0.0210578099999999,0.0421257700000003,0.0726753399999996,0.01607651,0.0592019299999994,0.13069842,0.0375558000000002,0.01827961,3.8e-07,2.10000000000001e-07,0.00384935,0.0491077199999999,0.00759507000000003,0.0859379399999997,0.0897974799999993,0.00512657000000001,0.00366579000000003,0.00641457000000002,0.0989326900000006,0.0520657599999996,0.0383733299999998,0.0589696699999999,0.0218068200000001,0.0923918899999994
"rm_na_rps2",0.0101626400000001,0.0107003499999999,0.0016379,0.00634567999999996,0.01076737,0.00208523999999999,0.0191666799999999,4.10000000000004e-07,0.10950167,0.01405491,0.0136885499999999,0.0488171300000005,0.0253636199999998,0.03253462,0.0652247299999997,0.0536943900000003,0.0158683999999999,0.00672722000000003,0.00961487999999995,1.70999999999998e-06,0.0291749199999999,0.06304182,0.0162866000000001,0.0741982599999995,0.0583230100000004,1.60000000000002e-07,0.00782225000000007,0.00383089000000001,0.0827783900000001,0.0234473799999999,0.03737835,0.0353041899999997,0.0469570400000003,0.06626052
"rm_na_rps3",0.0119588500000001,0.0224434400000002,1.69999999999998e-07,0.00867320000000001,0.0267727100000002,2e-07,0.0205078,0.0142773700000001,0.12561712,0.0222872599999998,0.0166015899999999,0.0576448600000001,0.0535567199999998,0.0372353600000002,0.0734034600000008,0.0873955000000006,0.0235826699999998,0.02133786,5.40000000000002e-07,0.00173459999999999,0.0292456699999998,0.10551366,0.0415971499999998,0.0464749,0.0448494399999995,0.00780388999999997,0.00942263999999994,0.00838520000000006,0.10959109,0.0198228300000002,0.0547002899999997,0.0775896400000005,0.0315259400000002,0.0779718499999995
"rm_na_rps4",0.00814302999999997,0.0133325300000001,1.30000000000001e-07,1.69999999999998e-07,0.01699567,0.0084727000000001,0.0193791899999998,0.00211548,0.0981654600000003,0.0269391299999998,0.0203772499999998,0.0341061600000003,0.0196842399999999,0.01604707,0.04981571,0.0605831599999998,0.0387452299999996,1.9e-07,1.49999999999999e-07,0.00256231999999997,0.0265529400000002,0.0546655700000005,0.0199979399999999,0.0453852600000001,0.0455973200000005,1.25999999999999e-06,0.00646066000000002,0.00596271000000006,0.10125031,0.0271906699999999,0.02813301,0.0245097899999998,0.01751183,0.0530926399999996
"rm_na_rps7",0.00149687,0.00222720999999998,1.60000000000002e-07,1.69999999999998e-07,1.60000000000002e-07,2.10000000000001e-07,0.00214703999999998,2.10000000000001e-07,0.0110133600000001,0.00214068000000001,0.00441191999999998,0.00918999999999997,0.0136995100000001,0.00432409999999996,0.0111897599999999,0.00433965000000004,0.00433962,1.9e-07,1.49999999999999e-07,1.30000000000001e-07,0.00887502000000002,0.0113952100000001,0.00438180999999999,0.0158667699999999,0.01593842,1.40000000000001e-07,1.60000000000002e-07,1.69999999999998e-07,0.0157261,0.00430185999999998,0.0133836999999999,0.00653528999999999,0.00209993999999998,0.00975963999999994
"rm_na_rps8",0.00908655000000002,0.00829784999999993,2.60000000000001e-07,2.60000000000001e-07,0.0227231499999999,3.76999999999997e-06,0.0460604300000001,0.0109217799999999,0.13970391,0.0270311299999998,0.01099279,0.0555592999999999,0.0509561899999998,0.0318458,0.0846320899999996,0.0891557199999991,0.0097195400000001,0.01098501,0.01505628,0.0147054899999999,0.06153917,0.0737862199999992,0.0149487399999999,0.0423068000000004,0.0784799799999992,0.00375200000000003,0.00189985,2.60000000000001e-07,0.0908525100000005,0.0469673600000001,0.0440106900000004,0.0378490999999996,0.0338763399999999,0.0592444099999998
"rm_na_ycf3",0.00572401000000005,0.00374470000000001,0.00359449999999997,4.19999999999999e-07,0.00486505999999999,0.00351241,0.01948435,3.30000000000002e-07,0.0933929899999995,0.01212451,0.00513662000000002,0.0385233200000004,0.0194633599999999,0.0172598500000001,0.0279928499999999,0.0284174500000003,0.00453395999999999,0.0122261800000001,2.40000000000002e-07,2.10000000000001e-07,0.0298750899999997,0.05378863,0.0167044599999999,0.0565303800000002,0.0156155900000001,9.09999999999993e-07,0.00831984999999997,4.19999999999999e-07,0.0498782000000005,0.0163132499999999,0.0120410600000001,0.0206998499999999,0.0210391,0.0373205900000002
"rm_na_ycf4",0.00734486000000003,0.0213534900000001,2.60000000000001e-07,0.00259067000000002,0.00431866999999997,0.00933986000000001,0.02462431,0.00305712000000001,0.0871574299999996,0.00717524999999997,0.01686119,0.0597856199999998,0.0279294700000002,0.00829867999999996,0.10014962,0.0801241199999998,0.0212243699999999,0.00545837999999994,0.00105357999999999,0.00342359000000001,0.0317256200000001,0.0490229499999998,0.0181844199999998,0.05810602,0.0593335000000003,5.69999999999998e-07,0.00586516000000005,0.00362705,0.10715632,0.03194514,0.0365036599999997,0.0335595600000001,0.0361287600000003,0.0478885799999998
